case_id,case_name,court,state,case_type,judgment_date,acts,sections,keywords,facts,legal_issue,arguments,evidence,judgment_summary,outcome,precedent,source_url,verified
1001,Karan Iyer v. Rahul Singh (2018),Civil Court Delhi,Maharashtra,Landlord/Tenant disputes,2018-07-07,Transfer of Property Act,108;105,"landlord, tenant, security deposit, rent, damage, eviction, lease deed","A landlord filed a suit for eviction of a tenant who stopped paying monthly rent of Rs. 25000 since 2025-05-03. The landlord sent a legal notice under Section 106 of the Transfer of Property Act, but the tenant did not vacate. The tenant claims the landlord refused to execute necessary repairs making the flat inhabitable.",Whether the respondent is liable under provisions of Transfer of Property Act for the claimed dispute.,Petitioner claimed damages were regular wear and tear. Respondent presented invoices of plumbing repairs and structural surveyor report.,"Invoices of repairs, Surveyor report of structural damage, Leaked water bills unpaid by tenant.","The court found that the tenant did not serve the mandatory notice of termination before vacating. Furthermore, the landlord submitted structural assessment and invoices proving the tenant caused major damage to the bathroom plumbing and electrical systems, the cost of which exceeded the security deposit amount. Withholding of deposit is justified.",Dismissed,Precedent Case Citation 63 SCC 593,https://www.indiankanoon.org/doc/3870957,False
1002,Rajesh Reddy v. Amit Iyer (2020),Civil Court Delhi,Delhi,Landlord/Tenant disputes,2020-04-10,Transfer of Property Act,108;105,"landlord, tenant, security deposit, rent, damage, eviction, lease deed","A landlord filed a suit for eviction of a tenant who stopped paying monthly rent of Rs. 25000 since 2024-06-24. The landlord sent a legal notice under Section 106 of the Transfer of Property Act, but the tenant did not vacate. The tenant claims the landlord refused to execute necessary repairs making the flat inhabitable.",Whether the respondent is liable under provisions of Transfer of Property Act for the claimed dispute.,Petitioner claimed damages were regular wear and tear. Respondent presented invoices of plumbing repairs and structural surveyor report.,"Invoices of repairs, Surveyor report of structural damage, Leaked water bills unpaid by tenant.","The court found that the tenant did not serve the mandatory notice of termination before vacating. Furthermore, the landlord submitted structural assessment and invoices proving the tenant caused major damage to the bathroom plumbing and electrical systems, the cost of which exceeded the security deposit amount. Withholding of deposit is justified.",Dismissed,Precedent Case Citation 91 SCC 676,https://www.indiankanoon.org/doc/6407006,True
1003,Ramesh Verma v. Anjali Rao (2024),Sessions Court Mumbai,Uttar Pradesh,Family Law,2024-01-10,Code of Criminal Procedure;Protection of Women from Domestic Violence Act,125;12,"maintenance, domestic violence, wife support, alimony, child custody, physical abuse",A petition for maintenance was filed by the wife on behalf of herself and her minor child. She submitted school fee invoices and medical bills. The husband argues he has been laid off and has zero income.,Whether the respondent is liable under provisions of Code of Criminal Procedure;Protection of Women from Domestic Violence Act for the claimed dispute.,Wife argued boutique is running in loss. Husband presented bank records showing boutique's high turnover.,"GST registration and bank statement of wife's business, Photos showing wife running business, Decree of restitution of conjugal rights.","The court found that the wife is highly qualified, runs a successful boutique business, and generates substantial income. Since she left the matrimonial home without any reasonable cause and refuses to return despite the husband's petition for restitution of conjugal rights, her claim for maintenance is dismissed.",Dismissed,Precedent Case Citation 93 SCC 292,https://www.indiankanoon.org/doc/9411306,True
1004,Rajesh Kumar v. Amit Kumar (2019),District Court Bangalore,Delhi,Landlord/Tenant disputes,2019-02-08,Transfer of Property Act,108;105,"landlord, tenant, security deposit, rent, damage, eviction, lease deed","A landlord filed a suit for eviction of a tenant who stopped paying monthly rent of Rs. 25000 since 2023-12-19. The landlord sent a legal notice under Section 106 of the Transfer of Property Act, but the tenant did not vacate. The tenant claims the landlord refused to execute necessary repairs making the flat inhabitable.",Whether the respondent is liable under provisions of Transfer of Property Act for the claimed dispute.,Petitioner argued security deposit withholding is illegal under the lease terms. Respondent argued structural alterations were done by tenant which required expensive restoration.,"Written rent agreement, Bank statements showing deposit payment, Notice to vacate, Photos of vacated premises showing clean condition.","The court held that under Section 108 of the Transfer of Property Act, the landlord is bound to return the security deposit upon peaceful handover of possession, subject only to reasonable deductions for actual damages. Since the landlord failed to provide receipts of repair or proof of structural damage, the entire deposit must be refunded with 6% interest.",Allowed,Precedent Case Citation 48 SCC 435,https://www.indiankanoon.org/doc/8802067,True
1005,Rahul Iyer v. Suresh Joshi (2021),City Civil Court Chennai,Tamil Nadu,Contract Law,2021-01-03,Indian Contract Act,73;10,"breach of contract, specific performance, commercial dispute, damages, agreement, non-payment","A service agreement was signed between a software development firm and a client. The client stopped payments midway, claiming the software had major bugs. The development firm sued the client for the unpaid invoices of Rs. 500000, presenting email communications indicating client satisfaction and sign-offs.",Whether the respondent is liable under provisions of Indian Contract Act for the claimed dispute.,Plaintiff argued the delay directly halted factory output. Defendant argued force majeure due to transport strike.,"Written agreement, Email correspondence, Bank transactions, Production loss ledger, Invoices.","The court observed that the defendant committed a clear breach by failing to perform their contractual obligation within the stipulated time. Under Section 73 of the Contract Act, the plaintiff is entitled to recover the advance and receive reasonable damages that naturally arose from the breach.",Allowed,Precedent Case Citation 76 SCC 602,https://www.indiankanoon.org/doc/6976646,True
1006,Rahul Patel v. Karan Patel (2021),Judicial Magistrate Chennai,Delhi,Cheque/payment disputes,2021-12-01,Negotiable Instruments Act,138;139,"cheque bounce, dishonour, insufficient funds, signature mismatch, notice, liability","The accused issued a cheque of Rs. 50000 to clear a business invoice. The cheque bounced with remark 'Account Closed'. A legal notice was sent via speed post and delivered on 2026-01-09, but the accused did not respond nor pay the amount within 15 days.",Whether the respondent is liable under provisions of Negotiable Instruments Act for the claimed dispute.,Complainant argued the debt is legally enforceable through invoices. Accused argued the cheque was stolen and signature was forged.,"Original dishonoured cheque, Bank return memo, Office copy of statutory legal notice, Speed post delivery receipt, Business invoice.","The court held that under Section 139 of the Negotiable Instruments Act, there is a statutory presumption in favour of the holder of the cheque that it was issued for the discharge of a legally enforceable debt. The accused failed to lead any cogent evidence to rebut this presumption. The accused is convicted under Section 138 NI Act.",Convicted,Precedent Case Citation 70 SCC 574,https://www.indiankanoon.org/doc/5696986,True
1007,Suresh Rao v. Sunita Singh (2023),Sessions Court Hyderabad,Karnataka,Cybercrime,2023-02-11,Information Technology Act;Indian Penal Code,66D;420,"online fraud, phishing, impersonation, credit card, bank transaction, cyber fraud, fake identity","The victim received a phone call from an unknown person impersonating a bank manager. The caller induced the victim to share an OTP for card verification. Consequently, Rs. 250000 was fraudulently debited from the victim's account and transferred to a digital wallet. The police traced the wallet to the accused.",Whether the respondent is liable under provisions of Information Technology Act;Indian Penal Code for the claimed dispute.,"Prosecution argued digital logs show clear connections. Defence argued no certificate under 65B was submitted, rendering files inadmissible.","Digital logs lacking 65B certificate, Seized phone with no data logs.","The court held that the digital evidence submitted by the cyber cell lacked the mandatory certification under Section 65B of the Indian Evidence Act. Without a valid electronic record certificate, the IP logs and hard drive copies are inadmissible. The accused is acquitted due to lack of admissible evidence.",Acquitted,Precedent Case Citation 97 SCC 691,https://www.indiankanoon.org/doc/2554989,True
1008,Vikram Reddy v. Rahul Sharma (2021),Civil Court Delhi,Delhi,Landlord/Tenant disputes,2021-12-03,Transfer of Property Act,108;105,"landlord, tenant, security deposit, rent, damage, eviction, lease deed","A landlord filed a suit for eviction of a tenant who stopped paying monthly rent of Rs. 45000 since 2024-05-04. The landlord sent a legal notice under Section 106 of the Transfer of Property Act, but the tenant did not vacate. The tenant claims the landlord refused to execute necessary repairs making the flat inhabitable.",Whether the respondent is liable under provisions of Transfer of Property Act for the claimed dispute.,Petitioner argued security deposit withholding is illegal under the lease terms. Respondent argued structural alterations were done by tenant which required expensive restoration.,"Written rent agreement, Bank statements showing deposit payment, Notice to vacate, Photos of vacated premises showing clean condition.","The court held that under Section 108 of the Transfer of Property Act, the landlord is bound to return the security deposit upon peaceful handover of possession, subject only to reasonable deductions for actual damages. Since the landlord failed to provide receipts of repair or proof of structural damage, the entire deposit must be refunded with 6% interest.",Allowed,Precedent Case Citation 69 SCC 131,https://www.indiankanoon.org/doc/9532643,True
1009,Anjali Verma v. Rajesh Verma (2022),Delhi High Court,Karnataka,Contract Law,2022-09-27,Indian Contract Act,73;10,"breach of contract, specific performance, commercial dispute, damages, agreement, non-payment",The buyer paid a deposit of Rs. 1500000 for buying machinery. The seller refused to deliver the machinery and sold it to a third party at a higher price. The buyer files a suit for recovery of deposit and breach of contract damages.,Whether the respondent is liable under provisions of Indian Contract Act for the claimed dispute.,Plaintiff claimed informal emails form a contract. Defendant argued no final offer and acceptance took place.,"Negotiation drafts, Vague email replies, No financial books proving actual losses.","The court found that there was no concluded contract between the parties, as the emails exchanged were merely negotiations and no formal agreement was executed (lacking Section 10 parameters). Additionally, the plaintiff did not suffer any quantifiable loss. The suit is dismissed.",Dismissed,Precedent Case Citation 79 SCC 889,https://www.indiankanoon.org/doc/7707389,True
1010,Karan Patel v. Vikram Verma (2019),Family Court Bangalore,Maharashtra,Family Law,2019-01-09,Code of Criminal Procedure;Protection of Women from Domestic Violence Act,125;12,"maintenance, domestic violence, wife support, alimony, child custody, physical abuse",A petition for maintenance was filed by the wife on behalf of herself and her minor child. She submitted school fee invoices and medical bills. The husband argues he has been laid off and has zero income.,Whether the respondent is liable under provisions of Code of Criminal Procedure;Protection of Women from Domestic Violence Act for the claimed dispute.,Wife argued boutique is running in loss. Husband presented bank records showing boutique's high turnover.,"GST registration and bank statement of wife's business, Photos showing wife running business, Decree of restitution of conjugal rights.","The court found that the wife is highly qualified, runs a successful boutique business, and generates substantial income. Since she left the matrimonial home without any reasonable cause and refuses to return despite the husband's petition for restitution of conjugal rights, her claim for maintenance is dismissed.",Dismissed,Precedent Case Citation 23 SCC 476,https://www.indiankanoon.org/doc/9096479,True
1011,Karan Kumar v. Sunita Patel (2021),Small Causes Court Mumbai,Tamil Nadu,Landlord/Tenant disputes,2021-05-13,Transfer of Property Act,108;105,"landlord, tenant, security deposit, rent, damage, eviction, lease deed","A landlord filed a suit for eviction of a tenant who stopped paying monthly rent of Rs. 25000 since 2024-11-09. The landlord sent a legal notice under Section 106 of the Transfer of Property Act, but the tenant did not vacate. The tenant claims the landlord refused to execute necessary repairs making the flat inhabitable.",Whether the respondent is liable under provisions of Transfer of Property Act for the claimed dispute.,Petitioner claimed damages were regular wear and tear. Respondent presented invoices of plumbing repairs and structural surveyor report.,"Invoices of repairs, Surveyor report of structural damage, Leaked water bills unpaid by tenant.","The court found that the tenant did not serve the mandatory notice of termination before vacating. Furthermore, the landlord submitted structural assessment and invoices proving the tenant caused major damage to the bathroom plumbing and electrical systems, the cost of which exceeded the security deposit amount. Withholding of deposit is justified.",Dismissed,Precedent Case Citation 65 SCC 982,https://www.indiankanoon.org/doc/7751430,True
1012,Amit Singh v. Amit Banerjee (2024),Cyber Crime Court Bangalore,Karnataka,Cybercrime,2024-05-19,Information Technology Act;Indian Penal Code,66D;420,"online fraud, phishing, impersonation, credit card, bank transaction, cyber fraud, fake identity",The accused created a fake website resembling a popular e-commerce platform and induced multiple customers to pay online for discounted electronics. Customers did not receive any goods. Cyber police registered an FIR under Section 66D of the IT Act and Section 420 of the IPC.,Whether the respondent is liable under provisions of Information Technology Act;Indian Penal Code for the claimed dispute.,Prosecution argued digital evidence clearly identifies the accused. Defence argued the accused's Wi-Fi was hacked and someone else used their IP address.,"IP address logs, Bank transaction statements, Phone records, Forensic report of seized laptop, OTP SMS logs.","The court found that the prosecution successfully proved the digital audit trail. The IP addresses, bank account logs, and mobile phone IMEI data conclusively linked the accused to the phishing website and unauthorized transaction. The accused is convicted under Section 66D IT Act and 420 IPC.",Convicted,Precedent Case Citation 50 SCC 318,https://www.indiankanoon.org/doc/8760254,False
1013,Rajesh Banerjee v. Rahul Sharma (2024),Sessions Court Hyderabad,Telangana,Cybercrime,2024-02-27,Information Technology Act;Indian Penal Code,66D;420,"online fraud, phishing, impersonation, credit card, bank transaction, cyber fraud, fake identity","The victim received a phone call from an unknown person impersonating a bank manager. The caller induced the victim to share an OTP for card verification. Consequently, Rs. 250000 was fraudulently debited from the victim's account and transferred to a digital wallet. The police traced the wallet to the accused.",Whether the respondent is liable under provisions of Information Technology Act;Indian Penal Code for the claimed dispute.,"Prosecution argued digital logs show clear connections. Defence argued no certificate under 65B was submitted, rendering files inadmissible.","Digital logs lacking 65B certificate, Seized phone with no data logs.","The court held that the digital evidence submitted by the cyber cell lacked the mandatory certification under Section 65B of the Indian Evidence Act. Without a valid electronic record certificate, the IP logs and hard drive copies are inadmissible. The accused is acquitted due to lack of admissible evidence.",Acquitted,Precedent Case Citation 65 SCC 870,https://www.indiankanoon.org/doc/4553751,True
1014,Suresh Rao v. Anjali Kumar (2023),Family Court Bangalore,Maharashtra,Family Law,2023-01-28,Code of Criminal Procedure;Protection of Women from Domestic Violence Act,125;12,"maintenance, domestic violence, wife support, alimony, child custody, physical abuse",A petition for maintenance was filed by the wife on behalf of herself and her minor child. She submitted school fee invoices and medical bills. The husband argues he has been laid off and has zero income.,Whether the respondent is liable under provisions of Code of Criminal Procedure;Protection of Women from Domestic Violence Act for the claimed dispute.,Wife argued boutique is running in loss. Husband presented bank records showing boutique's high turnover.,"GST registration and bank statement of wife's business, Photos showing wife running business, Decree of restitution of conjugal rights.","The court found that the wife is highly qualified, runs a successful boutique business, and generates substantial income. Since she left the matrimonial home without any reasonable cause and refuses to return despite the husband's petition for restitution of conjugal rights, her claim for maintenance is dismissed.",Dismissed,Precedent Case Citation 34 SCC 295,https://www.indiankanoon.org/doc/8180861,True
1015,Ramesh Banerjee v. Amit Patel (2019),High Court of Karnataka,Tamil Nadu,Contract Law,2019-02-07,Indian Contract Act,73;10,"breach of contract, specific performance, commercial dispute, damages, agreement, non-payment","The plaintiff entered into a supply agreement with the defendant for delivering raw materials worth Rs. 500000. The plaintiff paid an advance of Rs. 50000. The defendant failed to deliver the materials within the agreed timeline, causing a complete shutdown of the plaintiff's factory. The plaintiff claims damages for loss of business.",Whether the respondent is liable under provisions of Indian Contract Act for the claimed dispute.,Plaintiff claimed informal emails form a contract. Defendant argued no final offer and acceptance took place.,"Negotiation drafts, Vague email replies, No financial books proving actual losses.","The court found that there was no concluded contract between the parties, as the emails exchanged were merely negotiations and no formal agreement was executed (lacking Section 10 parameters). Additionally, the plaintiff did not suffer any quantifiable loss. The suit is dismissed.",Dismissed,Precedent Case Citation 20 SCC 354,https://www.indiankanoon.org/doc/4715313,True
1016,Karan Rao v. Priya Banerjee (2018),Small Causes Court Mumbai,Karnataka,Landlord/Tenant disputes,2018-10-11,Transfer of Property Act,108;105,"landlord, tenant, security deposit, rent, damage, eviction, lease deed","The petitioner is a tenant who leased the premises from the respondent (landlord) under a written agreement dated 2024-01-16. The tenant vacated the property on 2026-02-16 after serving a 1-month notice. However, the landlord refused to refund the security deposit of Rs. 500000, alleging minor wear-and-tear damages to the walls. The tenant claims no structural damage occurred.",Whether the respondent is liable under provisions of Transfer of Property Act for the claimed dispute.,Petitioner claimed damages were regular wear and tear. Respondent presented invoices of plumbing repairs and structural surveyor report.,"Invoices of repairs, Surveyor report of structural damage, Leaked water bills unpaid by tenant.","The court found that the tenant did not serve the mandatory notice of termination before vacating. Furthermore, the landlord submitted structural assessment and invoices proving the tenant caused major damage to the bathroom plumbing and electrical systems, the cost of which exceeded the security deposit amount. Withholding of deposit is justified.",Dismissed,Precedent Case Citation 63 SCC 955,https://www.indiankanoon.org/doc/9772026,True
1017,Rajesh Joshi v. Vikram Iyer (2018),Family Court Bangalore,Maharashtra,Family Law,2018-10-10,Code of Criminal Procedure;Protection of Women from Domestic Violence Act,125;12,"maintenance, domestic violence, wife support, alimony, child custody, physical abuse","The petitioner wife filed for maintenance under Section 125 CrPC, stating she was driven out of the matrimonial home by the husband and is unable to maintain herself. She claims the husband earns Rs. 200000 per month as a software engineer and refuses to support her. The husband claims she left voluntarily.",Whether the respondent is liable under provisions of Code of Criminal Procedure;Protection of Women from Domestic Violence Act for the claimed dispute.,Wife argued boutique is running in loss. Husband presented bank records showing boutique's high turnover.,"GST registration and bank statement of wife's business, Photos showing wife running business, Decree of restitution of conjugal rights.","The court found that the wife is highly qualified, runs a successful boutique business, and generates substantial income. Since she left the matrimonial home without any reasonable cause and refuses to return despite the husband's petition for restitution of conjugal rights, her claim for maintenance is dismissed.",Dismissed,Precedent Case Citation 53 SCC 991,https://www.indiankanoon.org/doc/4034986,True
1018,Sunita Kumar v. Anjali Kumar (2018),Civil Court Delhi,Tamil Nadu,Landlord/Tenant disputes,2018-06-28,Transfer of Property Act,108;105,"landlord, tenant, security deposit, rent, damage, eviction, lease deed","A landlord filed a suit for eviction of a tenant who stopped paying monthly rent of Rs. 15000 since 2024-04-13. The landlord sent a legal notice under Section 106 of the Transfer of Property Act, but the tenant did not vacate. The tenant claims the landlord refused to execute necessary repairs making the flat inhabitable.",Whether the respondent is liable under provisions of Transfer of Property Act for the claimed dispute.,Petitioner claimed damages were regular wear and tear. Respondent presented invoices of plumbing repairs and structural surveyor report.,"Invoices of repairs, Surveyor report of structural damage, Leaked water bills unpaid by tenant.","The court found that the tenant did not serve the mandatory notice of termination before vacating. Furthermore, the landlord submitted structural assessment and invoices proving the tenant caused major damage to the bathroom plumbing and electrical systems, the cost of which exceeded the security deposit amount. Withholding of deposit is justified.",Dismissed,Precedent Case Citation 31 SCC 165,https://www.indiankanoon.org/doc/6701900,True
1019,Amit Patel v. Priya Iyer (2018),High Court of Karnataka,Delhi,Contract Law,2018-06-12,Indian Contract Act,73;10,"breach of contract, specific performance, commercial dispute, damages, agreement, non-payment",The buyer paid a deposit of Rs. 1500000 for buying machinery. The seller refused to deliver the machinery and sold it to a third party at a higher price. The buyer files a suit for recovery of deposit and breach of contract damages.,Whether the respondent is liable under provisions of Indian Contract Act for the claimed dispute.,Plaintiff argued the delay directly halted factory output. Defendant argued force majeure due to transport strike.,"Written agreement, Email correspondence, Bank transactions, Production loss ledger, Invoices.","The court observed that the defendant committed a clear breach by failing to perform their contractual obligation within the stipulated time. Under Section 73 of the Contract Act, the plaintiff is entitled to recover the advance and receive reasonable damages that naturally arose from the breach.",Allowed,Precedent Case Citation 46 SCC 809,https://www.indiankanoon.org/doc/4196398,True
1020,Ramesh Kumar v. Vikram Kumar (2021),District Court Bangalore,Karnataka,Landlord/Tenant disputes,2021-01-10,Transfer of Property Act,108;105,"landlord, tenant, security deposit, rent, damage, eviction, lease deed","The tenant had been residing in the property under an oral agreement since 2025-04-03. Upon vacating, the landlord locked the premises and withheld the deposit of Rs. 250000 without any justification or damage report. The tenant had paid all electricity and water bills and possesses water-tight payment receipts.",Whether the respondent is liable under provisions of Transfer of Property Act for the claimed dispute.,Petitioner argued security deposit withholding is illegal under the lease terms. Respondent argued structural alterations were done by tenant which required expensive restoration.,"Written rent agreement, Bank statements showing deposit payment, Notice to vacate, Photos of vacated premises showing clean condition.","The court held that under Section 108 of the Transfer of Property Act, the landlord is bound to return the security deposit upon peaceful handover of possession, subject only to reasonable deductions for actual damages. Since the landlord failed to provide receipts of repair or proof of structural damage, the entire deposit must be refunded with 6% interest.",Allowed,Precedent Case Citation 77 SCC 747,https://www.indiankanoon.org/doc/8442727,True
1021,Rahul Sharma v. Amit Kumar (2019),District Court Bangalore,Karnataka,Landlord/Tenant disputes,2019-07-03,Transfer of Property Act,108;105,"landlord, tenant, security deposit, rent, damage, eviction, lease deed","The tenant had been residing in the property under an oral agreement since 2025-09-18. Upon vacating, the landlord locked the premises and withheld the deposit of Rs. 500000 without any justification or damage report. The tenant had paid all electricity and water bills and possesses water-tight payment receipts.",Whether the respondent is liable under provisions of Transfer of Property Act for the claimed dispute.,Petitioner claimed damages were regular wear and tear. Respondent presented invoices of plumbing repairs and structural surveyor report.,"Invoices of repairs, Surveyor report of structural damage, Leaked water bills unpaid by tenant.","The court found that the tenant did not serve the mandatory notice of termination before vacating. Furthermore, the landlord submitted structural assessment and invoices proving the tenant caused major damage to the bathroom plumbing and electrical systems, the cost of which exceeded the security deposit amount. Withholding of deposit is justified.",Dismissed,Precedent Case Citation 49 SCC 549,https://www.indiankanoon.org/doc/7137016,True
1022,Suresh Banerjee v. Karan Rao (2020),Delhi High Court,Delhi,Contract Law,2020-12-21,Indian Contract Act,73;10,"breach of contract, specific performance, commercial dispute, damages, agreement, non-payment",The buyer paid a deposit of Rs. 50000 for buying machinery. The seller refused to deliver the machinery and sold it to a third party at a higher price. The buyer files a suit for recovery of deposit and breach of contract damages.,Whether the respondent is liable under provisions of Indian Contract Act for the claimed dispute.,Plaintiff argued the delay directly halted factory output. Defendant argued force majeure due to transport strike.,"Written agreement, Email correspondence, Bank transactions, Production loss ledger, Invoices.","The court observed that the defendant committed a clear breach by failing to perform their contractual obligation within the stipulated time. Under Section 73 of the Contract Act, the plaintiff is entitled to recover the advance and receive reasonable damages that naturally arose from the breach.",Allowed,Precedent Case Citation 22 SCC 197,https://www.indiankanoon.org/doc/3841905,True
1023,Priya Joshi v. Amit Rao (2020),Civil Court Delhi,Delhi,Landlord/Tenant disputes,2020-08-20,Transfer of Property Act,108;105,"landlord, tenant, security deposit, rent, damage, eviction, lease deed","The tenant had been residing in the property under an oral agreement since 2025-04-22. Upon vacating, the landlord locked the premises and withheld the deposit of Rs. 500000 without any justification or damage report. The tenant had paid all electricity and water bills and possesses water-tight payment receipts.",Whether the respondent is liable under provisions of Transfer of Property Act for the claimed dispute.,Petitioner argued security deposit withholding is illegal under the lease terms. Respondent argued structural alterations were done by tenant which required expensive restoration.,"Written rent agreement, Bank statements showing deposit payment, Notice to vacate, Photos of vacated premises showing clean condition.","The court held that under Section 108 of the Transfer of Property Act, the landlord is bound to return the security deposit upon peaceful handover of possession, subject only to reasonable deductions for actual damages. Since the landlord failed to provide receipts of repair or proof of structural damage, the entire deposit must be refunded with 6% interest.",Allowed,Precedent Case Citation 28 SCC 692,https://www.indiankanoon.org/doc/6380962,True
1024,Suresh Joshi v. Sunita Rao (2020),High Court of Karnataka,Delhi,Contract Law,2020-12-11,Indian Contract Act,73;10,"breach of contract, specific performance, commercial dispute, damages, agreement, non-payment","The plaintiff entered into a supply agreement with the defendant for delivering raw materials worth Rs. 1500000. The plaintiff paid an advance of Rs. 10000. The defendant failed to deliver the materials within the agreed timeline, causing a complete shutdown of the plaintiff's factory. The plaintiff claims damages for loss of business.",Whether the respondent is liable under provisions of Indian Contract Act for the claimed dispute.,Plaintiff argued the delay directly halted factory output. Defendant argued force majeure due to transport strike.,"Written agreement, Email correspondence, Bank transactions, Production loss ledger, Invoices.","The court observed that the defendant committed a clear breach by failing to perform their contractual obligation within the stipulated time. Under Section 73 of the Contract Act, the plaintiff is entitled to recover the advance and receive reasonable damages that naturally arose from the breach.",Allowed,Precedent Case Citation 70 SCC 479,https://www.indiankanoon.org/doc/2802803,True
1025,Suresh Kumar v. Karan Banerjee (2021),Sessions Court Mumbai,Maharashtra,Family Law,2021-08-10,Code of Criminal Procedure;Protection of Women from Domestic Violence Act,125;12,"maintenance, domestic violence, wife support, alimony, child custody, physical abuse","The applicant filed a petition under Section 12 of the Domestic Violence Act alleging continuous physical abuse and emotional torture by the husband and in-laws. She sought a protection order, residence order, and monthly maintenance of Rs. 20000.",Whether the respondent is liable under provisions of Code of Criminal Procedure;Protection of Women from Domestic Violence Act for the claimed dispute.,Wife argued boutique is running in loss. Husband presented bank records showing boutique's high turnover.,"GST registration and bank statement of wife's business, Photos showing wife running business, Decree of restitution of conjugal rights.","The court found that the wife is highly qualified, runs a successful boutique business, and generates substantial income. Since she left the matrimonial home without any reasonable cause and refuses to return despite the husband's petition for restitution of conjugal rights, her claim for maintenance is dismissed.",Dismissed,Precedent Case Citation 66 SCC 506,https://www.indiankanoon.org/doc/6929185,True
1026,Karan Sharma v. Sunita Singh (2019),Sessions Court Mumbai,Maharashtra,Family Law,2019-05-11,Code of Criminal Procedure;Protection of Women from Domestic Violence Act,125;12,"maintenance, domestic violence, wife support, alimony, child custody, physical abuse","The applicant filed a petition under Section 12 of the Domestic Violence Act alleging continuous physical abuse and emotional torture by the husband and in-laws. She sought a protection order, residence order, and monthly maintenance of Rs. 20000.",Whether the respondent is liable under provisions of Code of Criminal Procedure;Protection of Women from Domestic Violence Act for the claimed dispute.,Wife argued she has no source of income and resides in parents' house. Husband argued wife is highly qualified and can work.,"Marriage certificate, Income tax returns of husband, Child's school fee receipt, Medical certificates showing treatment of domestic abuse.",The court observed that the husband has a social and legal duty to maintain his wife and minor child. The husband's claim of unemployment cannot absolve him of his duty to maintain. He is ordered to pay monthly maintenance of Rs. {maintenance} to the wife.,Allowed,Precedent Case Citation 27 SCC 678,https://www.indiankanoon.org/doc/4079887,True
1027,Ramesh Joshi v. Anjali Rao (2018),High Court of Karnataka,Delhi,Contract Law,2018-02-21,Indian Contract Act,73;10,"breach of contract, specific performance, commercial dispute, damages, agreement, non-payment","The plaintiff entered into a supply agreement with the defendant for delivering raw materials worth Rs. 50000. The plaintiff paid an advance of Rs. 10000. The defendant failed to deliver the materials within the agreed timeline, causing a complete shutdown of the plaintiff's factory. The plaintiff claims damages for loss of business.",Whether the respondent is liable under provisions of Indian Contract Act for the claimed dispute.,Plaintiff claimed informal emails form a contract. Defendant argued no final offer and acceptance took place.,"Negotiation drafts, Vague email replies, No financial books proving actual losses.","The court found that there was no concluded contract between the parties, as the emails exchanged were merely negotiations and no formal agreement was executed (lacking Section 10 parameters). Additionally, the plaintiff did not suffer any quantifiable loss. The suit is dismissed.",Dismissed,Precedent Case Citation 58 SCC 714,https://www.indiankanoon.org/doc/7813158,True
1028,Amit Verma v. Ramesh Singh (2018),Chief Metropolitan Magistrate Delhi,Karnataka,Cybercrime,2018-06-18,Information Technology Act;Indian Penal Code,66D;420,"online fraud, phishing, impersonation, credit card, bank transaction, cyber fraud, fake identity",The accused created a fake website resembling a popular e-commerce platform and induced multiple customers to pay online for discounted electronics. Customers did not receive any goods. Cyber police registered an FIR under Section 66D of the IT Act and Section 420 of the IPC.,Whether the respondent is liable under provisions of Information Technology Act;Indian Penal Code for the claimed dispute.,"Prosecution argued digital logs show clear connections. Defence argued no certificate under 65B was submitted, rendering files inadmissible.","Digital logs lacking 65B certificate, Seized phone with no data logs.","The court held that the digital evidence submitted by the cyber cell lacked the mandatory certification under Section 65B of the Indian Evidence Act. Without a valid electronic record certificate, the IP logs and hard drive copies are inadmissible. The accused is acquitted due to lack of admissible evidence.",Acquitted,Precedent Case Citation 62 SCC 318,https://www.indiankanoon.org/doc/7944023,True
1029,Priya Banerjee v. Rajesh Rao (2020),Civil Court Delhi,Tamil Nadu,Landlord/Tenant disputes,2020-10-05,Transfer of Property Act,108;105,"landlord, tenant, security deposit, rent, damage, eviction, lease deed","The petitioner is a tenant who leased the premises from the respondent (landlord) under a written agreement dated 2024-09-25. The tenant vacated the property on 2026-05-24 after serving a 1-month notice. However, the landlord refused to refund the security deposit of Rs. 1500000, alleging minor wear-and-tear damages to the walls. The tenant claims no structural damage occurred.",Whether the respondent is liable under provisions of Transfer of Property Act for the claimed dispute.,Petitioner claimed damages were regular wear and tear. Respondent presented invoices of plumbing repairs and structural surveyor report.,"Invoices of repairs, Surveyor report of structural damage, Leaked water bills unpaid by tenant.","The court found that the tenant did not serve the mandatory notice of termination before vacating. Furthermore, the landlord submitted structural assessment and invoices proving the tenant caused major damage to the bathroom plumbing and electrical systems, the cost of which exceeded the security deposit amount. Withholding of deposit is justified.",Dismissed,Precedent Case Citation 72 SCC 887,https://www.indiankanoon.org/doc/7522298,True
1030,Ramesh Sharma v. Rahul Rao (2018),Chief Judicial Magistrate Pune,Maharashtra,Cheque/payment disputes,2018-12-13,Negotiable Instruments Act,138;139,"cheque bounce, dishonour, insufficient funds, signature mismatch, notice, liability","The accused issued a cheque of Rs. 100000 to clear a business invoice. The cheque bounced with remark 'Account Closed'. A legal notice was sent via speed post and delivered on 2025-12-16, but the accused did not respond nor pay the amount within 15 days.",Whether the respondent is liable under provisions of Negotiable Instruments Act for the claimed dispute.,Complainant argued notice was sent to last known address. Accused argued they changed address and no notice was received within 30 days.,"Postal tracking report showing delay/non-delivery of notice, Bank returns date log.","The court observed that the complainant failed to prove that the statutory legal notice was served on the accused within the mandatory 30-day window from the bank return memo date. As the service of notice is a condition precedent to attract Section 138, the complaint is dismissed and the accused is acquitted.",Acquitted,Precedent Case Citation 33 SCC 265,https://www.indiankanoon.org/doc/4761977,True
1031,Amit Iyer v. Anjali Kumar (2020),Family Court Noida,Karnataka,Family Law,2020-05-02,Code of Criminal Procedure;Protection of Women from Domestic Violence Act,125;12,"maintenance, domestic violence, wife support, alimony, child custody, physical abuse","The petitioner wife filed for maintenance under Section 125 CrPC, stating she was driven out of the matrimonial home by the husband and is unable to maintain herself. She claims the husband earns Rs. 200000 per month as a software engineer and refuses to support her. The husband claims she left voluntarily.",Whether the respondent is liable under provisions of Code of Criminal Procedure;Protection of Women from Domestic Violence Act for the claimed dispute.,Wife argued boutique is running in loss. Husband presented bank records showing boutique's high turnover.,"GST registration and bank statement of wife's business, Photos showing wife running business, Decree of restitution of conjugal rights.","The court found that the wife is highly qualified, runs a successful boutique business, and generates substantial income. Since she left the matrimonial home without any reasonable cause and refuses to return despite the husband's petition for restitution of conjugal rights, her claim for maintenance is dismissed.",Dismissed,Precedent Case Citation 34 SCC 817,https://www.indiankanoon.org/doc/5070718,True
1032,Rahul Kumar v. Rajesh Verma (2024),High Court of Karnataka,Tamil Nadu,Contract Law,2024-02-25,Indian Contract Act,73;10,"breach of contract, specific performance, commercial dispute, damages, agreement, non-payment",The buyer paid a deposit of Rs. 50000 for buying machinery. The seller refused to deliver the machinery and sold it to a third party at a higher price. The buyer files a suit for recovery of deposit and breach of contract damages.,Whether the respondent is liable under provisions of Indian Contract Act for the claimed dispute.,Plaintiff claimed informal emails form a contract. Defendant argued no final offer and acceptance took place.,"Negotiation drafts, Vague email replies, No financial books proving actual losses.","The court found that there was no concluded contract between the parties, as the emails exchanged were merely negotiations and no formal agreement was executed (lacking Section 10 parameters). Additionally, the plaintiff did not suffer any quantifiable loss. The suit is dismissed.",Dismissed,Precedent Case Citation 32 SCC 735,https://www.indiankanoon.org/doc/1841758,True
1033,Amit Verma v. Vikram Sharma (2019),Civil Court Delhi,Maharashtra,Landlord/Tenant disputes,2019-07-19,Transfer of Property Act,108;105,"landlord, tenant, security deposit, rent, damage, eviction, lease deed","The petitioner is a tenant who leased the premises from the respondent (landlord) under a written agreement dated 2023-11-23. The tenant vacated the property on 2026-04-19 after serving a 1-month notice. However, the landlord refused to refund the security deposit of Rs. 100000, alleging minor wear-and-tear damages to the walls. The tenant claims no structural damage occurred.",Whether the respondent is liable under provisions of Transfer of Property Act for the claimed dispute.,Petitioner argued security deposit withholding is illegal under the lease terms. Respondent argued structural alterations were done by tenant which required expensive restoration.,"Written rent agreement, Bank statements showing deposit payment, Notice to vacate, Photos of vacated premises showing clean condition.","The court held that under Section 108 of the Transfer of Property Act, the landlord is bound to return the security deposit upon peaceful handover of possession, subject only to reasonable deductions for actual damages. Since the landlord failed to provide receipts of repair or proof of structural damage, the entire deposit must be refunded with 6% interest.",Allowed,Precedent Case Citation 94 SCC 221,https://www.indiankanoon.org/doc/1108463,True
1034,Priya Reddy v. Vikram Sharma (2022),Family Court Noida,Uttar Pradesh,Family Law,2022-07-24,Code of Criminal Procedure;Protection of Women from Domestic Violence Act,125;12,"maintenance, domestic violence, wife support, alimony, child custody, physical abuse",A petition for maintenance was filed by the wife on behalf of herself and her minor child. She submitted school fee invoices and medical bills. The husband argues he has been laid off and has zero income.,Whether the respondent is liable under provisions of Code of Criminal Procedure;Protection of Women from Domestic Violence Act for the claimed dispute.,Wife argued boutique is running in loss. Husband presented bank records showing boutique's high turnover.,"GST registration and bank statement of wife's business, Photos showing wife running business, Decree of restitution of conjugal rights.","The court found that the wife is highly qualified, runs a successful boutique business, and generates substantial income. Since she left the matrimonial home without any reasonable cause and refuses to return despite the husband's petition for restitution of conjugal rights, her claim for maintenance is dismissed.",Dismissed,Precedent Case Citation 13 SCC 251,https://www.indiankanoon.org/doc/2146521,True
1035,Ramesh Rao v. Vikram Sharma (2022),Family Court Noida,Uttar Pradesh,Family Law,2022-04-03,Code of Criminal Procedure;Protection of Women from Domestic Violence Act,125;12,"maintenance, domestic violence, wife support, alimony, child custody, physical abuse",A petition for maintenance was filed by the wife on behalf of herself and her minor child. She submitted school fee invoices and medical bills. The husband argues he has been laid off and has zero income.,Whether the respondent is liable under provisions of Code of Criminal Procedure;Protection of Women from Domestic Violence Act for the claimed dispute.,Wife argued boutique is running in loss. Husband presented bank records showing boutique's high turnover.,"GST registration and bank statement of wife's business, Photos showing wife running business, Decree of restitution of conjugal rights.","The court found that the wife is highly qualified, runs a successful boutique business, and generates substantial income. Since she left the matrimonial home without any reasonable cause and refuses to return despite the husband's petition for restitution of conjugal rights, her claim for maintenance is dismissed.",Dismissed,Precedent Case Citation 94 SCC 208,https://www.indiankanoon.org/doc/6807665,True
1036,Sunita Sharma v. Sunita Reddy (2019),Civil Court Delhi,Maharashtra,Landlord/Tenant disputes,2019-08-21,Transfer of Property Act,108;105,"landlord, tenant, security deposit, rent, damage, eviction, lease deed","A landlord filed a suit for eviction of a tenant who stopped paying monthly rent of Rs. 25000 since 2024-06-08. The landlord sent a legal notice under Section 106 of the Transfer of Property Act, but the tenant did not vacate. The tenant claims the landlord refused to execute necessary repairs making the flat inhabitable.",Whether the respondent is liable under provisions of Transfer of Property Act for the claimed dispute.,Petitioner claimed damages were regular wear and tear. Respondent presented invoices of plumbing repairs and structural surveyor report.,"Invoices of repairs, Surveyor report of structural damage, Leaked water bills unpaid by tenant.","The court found that the tenant did not serve the mandatory notice of termination before vacating. Furthermore, the landlord submitted structural assessment and invoices proving the tenant caused major damage to the bathroom plumbing and electrical systems, the cost of which exceeded the security deposit amount. Withholding of deposit is justified.",Dismissed,Precedent Case Citation 40 SCC 849,https://www.indiankanoon.org/doc/7275374,True
1037,Amit Iyer v. Ramesh Banerjee (2020),Sessions Court Hyderabad,Delhi,Cybercrime,2020-03-27,Information Technology Act;Indian Penal Code,66D;420,"online fraud, phishing, impersonation, credit card, bank transaction, cyber fraud, fake identity","The accused hacked into the complainant's email account, spoofed their business email address, and instructed a client to deposit an invoice payment of Rs. 500000 into a fraudulent bank account controlled by the accused.",Whether the respondent is liable under provisions of Information Technology Act;Indian Penal Code for the claimed dispute.,"Prosecution argued digital logs show clear connections. Defence argued no certificate under 65B was submitted, rendering files inadmissible.","Digital logs lacking 65B certificate, Seized phone with no data logs.","The court held that the digital evidence submitted by the cyber cell lacked the mandatory certification under Section 65B of the Indian Evidence Act. Without a valid electronic record certificate, the IP logs and hard drive copies are inadmissible. The accused is acquitted due to lack of admissible evidence.",Acquitted,Precedent Case Citation 50 SCC 789,https://www.indiankanoon.org/doc/2271228,True
1038,Sunita Kumar v. Rajesh Patel (2023),Small Causes Court Mumbai,Maharashtra,Landlord/Tenant disputes,2023-02-17,Transfer of Property Act,108;105,"landlord, tenant, security deposit, rent, damage, eviction, lease deed","A landlord filed a suit for eviction of a tenant who stopped paying monthly rent of Rs. 25000 since 2024-08-22. The landlord sent a legal notice under Section 106 of the Transfer of Property Act, but the tenant did not vacate. The tenant claims the landlord refused to execute necessary repairs making the flat inhabitable.",Whether the respondent is liable under provisions of Transfer of Property Act for the claimed dispute.,Petitioner argued security deposit withholding is illegal under the lease terms. Respondent argued structural alterations were done by tenant which required expensive restoration.,"Written rent agreement, Bank statements showing deposit payment, Notice to vacate, Photos of vacated premises showing clean condition.","The court held that under Section 108 of the Transfer of Property Act, the landlord is bound to return the security deposit upon peaceful handover of possession, subject only to reasonable deductions for actual damages. Since the landlord failed to provide receipts of repair or proof of structural damage, the entire deposit must be refunded with 6% interest.",Allowed,Precedent Case Citation 83 SCC 647,https://www.indiankanoon.org/doc/5749898,True
1039,Suresh Patel v. Karan Iyer (2023),High Court of Karnataka,Karnataka,Landlord/Tenant disputes,2023-08-12,Transfer of Property Act,108;105,"landlord, tenant, security deposit, rent, damage, eviction, lease deed","The tenant had been residing in the property under an oral agreement since 2025-02-11. Upon vacating, the landlord locked the premises and withheld the deposit of Rs. 100000 without any justification or damage report. The tenant had paid all electricity and water bills and possesses water-tight payment receipts.",Whether the respondent is liable under provisions of Transfer of Property Act for the claimed dispute.,Petitioner argued security deposit withholding is illegal under the lease terms. Respondent argued structural alterations were done by tenant which required expensive restoration.,"Written rent agreement, Bank statements showing deposit payment, Notice to vacate, Photos of vacated premises showing clean condition.","The court held that under Section 108 of the Transfer of Property Act, the landlord is bound to return the security deposit upon peaceful handover of possession, subject only to reasonable deductions for actual damages. Since the landlord failed to provide receipts of repair or proof of structural damage, the entire deposit must be refunded with 6% interest.",Allowed,Precedent Case Citation 57 SCC 920,https://www.indiankanoon.org/doc/5589538,True
1040,Rahul Singh v. Ramesh Reddy (2019),City Civil Court Chennai,Karnataka,Contract Law,2019-05-02,Indian Contract Act,73;10,"breach of contract, specific performance, commercial dispute, damages, agreement, non-payment","The plaintiff entered into a supply agreement with the defendant for delivering raw materials worth Rs. 250000. The plaintiff paid an advance of Rs. 10000. The defendant failed to deliver the materials within the agreed timeline, causing a complete shutdown of the plaintiff's factory. The plaintiff claims damages for loss of business.",Whether the respondent is liable under provisions of Indian Contract Act for the claimed dispute.,Plaintiff claimed informal emails form a contract. Defendant argued no final offer and acceptance took place.,"Negotiation drafts, Vague email replies, No financial books proving actual losses.","The court found that there was no concluded contract between the parties, as the emails exchanged were merely negotiations and no formal agreement was executed (lacking Section 10 parameters). Additionally, the plaintiff did not suffer any quantifiable loss. The suit is dismissed.",Dismissed,Precedent Case Citation 21 SCC 337,https://www.indiankanoon.org/doc/9882546,True
1041,Amit Rao v. Karan Sharma (2024),Judicial Magistrate Chennai,Maharashtra,Cheque/payment disputes,2024-04-21,Negotiable Instruments Act,138;139,"cheque bounce, dishonour, insufficient funds, signature mismatch, notice, liability","The accused issued a cheque of Rs. 100000 to clear a business invoice. The cheque bounced with remark 'Account Closed'. A legal notice was sent via speed post and delivered on 2025-12-07, but the accused did not respond nor pay the amount within 15 days.",Whether the respondent is liable under provisions of Negotiable Instruments Act for the claimed dispute.,Complainant argued the debt is legally enforceable through invoices. Accused argued the cheque was stolen and signature was forged.,"Original dishonoured cheque, Bank return memo, Office copy of statutory legal notice, Speed post delivery receipt, Business invoice.","The court held that under Section 139 of the Negotiable Instruments Act, there is a statutory presumption in favour of the holder of the cheque that it was issued for the discharge of a legally enforceable debt. The accused failed to lead any cogent evidence to rebut this presumption. The accused is convicted under Section 138 NI Act.",Convicted,Precedent Case Citation 89 SCC 113,https://www.indiankanoon.org/doc/2508656,True
1042,Vikram Patel v. Ramesh Iyer (2021),Delhi High Court,Tamil Nadu,Contract Law,2021-06-16,Indian Contract Act,73;10,"breach of contract, specific performance, commercial dispute, damages, agreement, non-payment",The buyer paid a deposit of Rs. 250000 for buying machinery. The seller refused to deliver the machinery and sold it to a third party at a higher price. The buyer files a suit for recovery of deposit and breach of contract damages.,Whether the respondent is liable under provisions of Indian Contract Act for the claimed dispute.,Plaintiff argued the delay directly halted factory output. Defendant argued force majeure due to transport strike.,"Written agreement, Email correspondence, Bank transactions, Production loss ledger, Invoices.","The court observed that the defendant committed a clear breach by failing to perform their contractual obligation within the stipulated time. Under Section 73 of the Contract Act, the plaintiff is entitled to recover the advance and receive reasonable damages that naturally arose from the breach.",Allowed,Precedent Case Citation 91 SCC 270,https://www.indiankanoon.org/doc/2972507,True
1043,Sunita Banerjee v. Anjali Iyer (2018),Family Court Noida,Maharashtra,Family Law,2018-09-23,Code of Criminal Procedure;Protection of Women from Domestic Violence Act,125;12,"maintenance, domestic violence, wife support, alimony, child custody, physical abuse","The petitioner wife filed for maintenance under Section 125 CrPC, stating she was driven out of the matrimonial home by the husband and is unable to maintain herself. She claims the husband earns Rs. 80000 per month as a software engineer and refuses to support her. The husband claims she left voluntarily.",Whether the respondent is liable under provisions of Code of Criminal Procedure;Protection of Women from Domestic Violence Act for the claimed dispute.,Wife argued boutique is running in loss. Husband presented bank records showing boutique's high turnover.,"GST registration and bank statement of wife's business, Photos showing wife running business, Decree of restitution of conjugal rights.","The court found that the wife is highly qualified, runs a successful boutique business, and generates substantial income. Since she left the matrimonial home without any reasonable cause and refuses to return despite the husband's petition for restitution of conjugal rights, her claim for maintenance is dismissed.",Dismissed,Precedent Case Citation 59 SCC 115,https://www.indiankanoon.org/doc/4561176,True
1044,Karan Iyer v. Rajesh Reddy (2023),Metropolitan Magistrate Mumbai,Delhi,Cheque/payment disputes,2023-09-27,Negotiable Instruments Act,138;139,"cheque bounce, dishonour, insufficient funds, signature mismatch, notice, liability","The accused issued a cheque of Rs. 1500000 to clear a business invoice. The cheque bounced with remark 'Account Closed'. A legal notice was sent via speed post and delivered on 2025-12-04, but the accused did not respond nor pay the amount within 15 days.",Whether the respondent is liable under provisions of Negotiable Instruments Act for the claimed dispute.,Complainant argued notice was sent to last known address. Accused argued they changed address and no notice was received within 30 days.,"Postal tracking report showing delay/non-delivery of notice, Bank returns date log.","The court observed that the complainant failed to prove that the statutory legal notice was served on the accused within the mandatory 30-day window from the bank return memo date. As the service of notice is a condition precedent to attract Section 138, the complaint is dismissed and the accused is acquitted.",Acquitted,Precedent Case Citation 76 SCC 322,https://www.indiankanoon.org/doc/2589669,True
1045,Sunita Singh v. Rajesh Rao (2020),Chief Metropolitan Magistrate Delhi,Maharashtra,Cybercrime,2020-04-17,Information Technology Act;Indian Penal Code,66D;420,"online fraud, phishing, impersonation, credit card, bank transaction, cyber fraud, fake identity","The victim received a phone call from an unknown person impersonating a bank manager. The caller induced the victim to share an OTP for card verification. Consequently, Rs. 250000 was fraudulently debited from the victim's account and transferred to a digital wallet. The police traced the wallet to the accused.",Whether the respondent is liable under provisions of Information Technology Act;Indian Penal Code for the claimed dispute.,Prosecution argued digital evidence clearly identifies the accused. Defence argued the accused's Wi-Fi was hacked and someone else used their IP address.,"IP address logs, Bank transaction statements, Phone records, Forensic report of seized laptop, OTP SMS logs.","The court found that the prosecution successfully proved the digital audit trail. The IP addresses, bank account logs, and mobile phone IMEI data conclusively linked the accused to the phishing website and unauthorized transaction. The accused is convicted under Section 66D IT Act and 420 IPC.",Convicted,Precedent Case Citation 86 SCC 698,https://www.indiankanoon.org/doc/3048368,True
1046,Amit Iyer v. Vikram Patel (2021),Family Court Bangalore,Karnataka,Family Law,2021-08-08,Code of Criminal Procedure;Protection of Women from Domestic Violence Act,125;12,"maintenance, domestic violence, wife support, alimony, child custody, physical abuse",A petition for maintenance was filed by the wife on behalf of herself and her minor child. She submitted school fee invoices and medical bills. The husband argues he has been laid off and has zero income.,Whether the respondent is liable under provisions of Code of Criminal Procedure;Protection of Women from Domestic Violence Act for the claimed dispute.,Wife argued boutique is running in loss. Husband presented bank records showing boutique's high turnover.,"GST registration and bank statement of wife's business, Photos showing wife running business, Decree of restitution of conjugal rights.","The court found that the wife is highly qualified, runs a successful boutique business, and generates substantial income. Since she left the matrimonial home without any reasonable cause and refuses to return despite the husband's petition for restitution of conjugal rights, her claim for maintenance is dismissed.",Dismissed,Precedent Case Citation 72 SCC 942,https://www.indiankanoon.org/doc/6967333,True
1047,Vikram Kumar v. Sunita Patel (2023),Chief Metropolitan Magistrate Delhi,Delhi,Cybercrime,2023-04-06,Information Technology Act;Indian Penal Code,66D;420,"online fraud, phishing, impersonation, credit card, bank transaction, cyber fraud, fake identity",The accused created a fake website resembling a popular e-commerce platform and induced multiple customers to pay online for discounted electronics. Customers did not receive any goods. Cyber police registered an FIR under Section 66D of the IT Act and Section 420 of the IPC.,Whether the respondent is liable under provisions of Information Technology Act;Indian Penal Code for the claimed dispute.,"Prosecution argued digital logs show clear connections. Defence argued no certificate under 65B was submitted, rendering files inadmissible.","Digital logs lacking 65B certificate, Seized phone with no data logs.","The court held that the digital evidence submitted by the cyber cell lacked the mandatory certification under Section 65B of the Indian Evidence Act. Without a valid electronic record certificate, the IP logs and hard drive copies are inadmissible. The accused is acquitted due to lack of admissible evidence.",Acquitted,Precedent Case Citation 62 SCC 834,https://www.indiankanoon.org/doc/9655947,False
1048,Sunita Reddy v. Vikram Verma (2020),Family Court Noida,Karnataka,Family Law,2020-06-14,Code of Criminal Procedure;Protection of Women from Domestic Violence Act,125;12,"maintenance, domestic violence, wife support, alimony, child custody, physical abuse","The applicant filed a petition under Section 12 of the Domestic Violence Act alleging continuous physical abuse and emotional torture by the husband and in-laws. She sought a protection order, residence order, and monthly maintenance of Rs. 10000.",Whether the respondent is liable under provisions of Code of Criminal Procedure;Protection of Women from Domestic Violence Act for the claimed dispute.,Wife argued boutique is running in loss. Husband presented bank records showing boutique's high turnover.,"GST registration and bank statement of wife's business, Photos showing wife running business, Decree of restitution of conjugal rights.","The court found that the wife is highly qualified, runs a successful boutique business, and generates substantial income. Since she left the matrimonial home without any reasonable cause and refuses to return despite the husband's petition for restitution of conjugal rights, her claim for maintenance is dismissed.",Dismissed,Precedent Case Citation 31 SCC 305,https://www.indiankanoon.org/doc/3248078,True
1049,Amit Sharma v. Rahul Singh (2020),Family Court Noida,Karnataka,Family Law,2020-01-18,Code of Criminal Procedure;Protection of Women from Domestic Violence Act,125;12,"maintenance, domestic violence, wife support, alimony, child custody, physical abuse","The applicant filed a petition under Section 12 of the Domestic Violence Act alleging continuous physical abuse and emotional torture by the husband and in-laws. She sought a protection order, residence order, and monthly maintenance of Rs. 10000.",Whether the respondent is liable under provisions of Code of Criminal Procedure;Protection of Women from Domestic Violence Act for the claimed dispute.,Wife argued boutique is running in loss. Husband presented bank records showing boutique's high turnover.,"GST registration and bank statement of wife's business, Photos showing wife running business, Decree of restitution of conjugal rights.","The court found that the wife is highly qualified, runs a successful boutique business, and generates substantial income. Since she left the matrimonial home without any reasonable cause and refuses to return despite the husband's petition for restitution of conjugal rights, her claim for maintenance is dismissed.",Dismissed,Precedent Case Citation 50 SCC 409,https://www.indiankanoon.org/doc/4483509,True
1050,Anjali Banerjee v. Suresh Patel (2021),High Court of Karnataka,Delhi,Landlord/Tenant disputes,2021-08-11,Transfer of Property Act,108;105,"landlord, tenant, security deposit, rent, damage, eviction, lease deed","The tenant had been residing in the property under an oral agreement since 2025-04-06. Upon vacating, the landlord locked the premises and withheld the deposit of Rs. 250000 without any justification or damage report. The tenant had paid all electricity and water bills and possesses water-tight payment receipts.",Whether the respondent is liable under provisions of Transfer of Property Act for the claimed dispute.,Petitioner claimed damages were regular wear and tear. Respondent presented invoices of plumbing repairs and structural surveyor report.,"Invoices of repairs, Surveyor report of structural damage, Leaked water bills unpaid by tenant.","The court found that the tenant did not serve the mandatory notice of termination before vacating. Furthermore, the landlord submitted structural assessment and invoices proving the tenant caused major damage to the bathroom plumbing and electrical systems, the cost of which exceeded the security deposit amount. Withholding of deposit is justified.",Dismissed,Precedent Case Citation 36 SCC 814,https://www.indiankanoon.org/doc/1743436,False
1051,Vikram Reddy v. Suresh Reddy (2024),Family Court Noida,Uttar Pradesh,Family Law,2024-01-04,Code of Criminal Procedure;Protection of Women from Domestic Violence Act,125;12,"maintenance, domestic violence, wife support, alimony, child custody, physical abuse",A petition for maintenance was filed by the wife on behalf of herself and her minor child. She submitted school fee invoices and medical bills. The husband argues he has been laid off and has zero income.,Whether the respondent is liable under provisions of Code of Criminal Procedure;Protection of Women from Domestic Violence Act for the claimed dispute.,Wife argued boutique is running in loss. Husband presented bank records showing boutique's high turnover.,"GST registration and bank statement of wife's business, Photos showing wife running business, Decree of restitution of conjugal rights.","The court found that the wife is highly qualified, runs a successful boutique business, and generates substantial income. Since she left the matrimonial home without any reasonable cause and refuses to return despite the husband's petition for restitution of conjugal rights, her claim for maintenance is dismissed.",Dismissed,Precedent Case Citation 24 SCC 357,https://www.indiankanoon.org/doc/3316897,True
1052,Karan Iyer v. Suresh Iyer (2018),Delhi High Court,Tamil Nadu,Contract Law,2018-06-18,Indian Contract Act,73;10,"breach of contract, specific performance, commercial dispute, damages, agreement, non-payment",The buyer paid a deposit of Rs. 50000 for buying machinery. The seller refused to deliver the machinery and sold it to a third party at a higher price. The buyer files a suit for recovery of deposit and breach of contract damages.,Whether the respondent is liable under provisions of Indian Contract Act for the claimed dispute.,Plaintiff argued the delay directly halted factory output. Defendant argued force majeure due to transport strike.,"Written agreement, Email correspondence, Bank transactions, Production loss ledger, Invoices.","The court observed that the defendant committed a clear breach by failing to perform their contractual obligation within the stipulated time. Under Section 73 of the Contract Act, the plaintiff is entitled to recover the advance and receive reasonable damages that naturally arose from the breach.",Allowed,Precedent Case Citation 84 SCC 760,https://www.indiankanoon.org/doc/5973870,True
1053,Amit Iyer v. Vikram Sharma (2018),Family Court Noida,Uttar Pradesh,Family Law,2018-02-22,Code of Criminal Procedure;Protection of Women from Domestic Violence Act,125;12,"maintenance, domestic violence, wife support, alimony, child custody, physical abuse","The applicant filed a petition under Section 12 of the Domestic Violence Act alleging continuous physical abuse and emotional torture by the husband and in-laws. She sought a protection order, residence order, and monthly maintenance of Rs. 35000.",Whether the respondent is liable under provisions of Code of Criminal Procedure;Protection of Women from Domestic Violence Act for the claimed dispute.,Wife argued she has no source of income and resides in parents' house. Husband argued wife is highly qualified and can work.,"Marriage certificate, Income tax returns of husband, Child's school fee receipt, Medical certificates showing treatment of domestic abuse.",The court observed that the husband has a social and legal duty to maintain his wife and minor child. The husband's claim of unemployment cannot absolve him of his duty to maintain. He is ordered to pay monthly maintenance of Rs. {maintenance} to the wife.,Allowed,Precedent Case Citation 38 SCC 668,https://www.indiankanoon.org/doc/5683501,True
1054,Priya Singh v. Rahul Sharma (2018),Chief Metropolitan Magistrate Delhi,Telangana,Cybercrime,2018-05-12,Information Technology Act;Indian Penal Code,66D;420,"online fraud, phishing, impersonation, credit card, bank transaction, cyber fraud, fake identity","The victim received a phone call from an unknown person impersonating a bank manager. The caller induced the victim to share an OTP for card verification. Consequently, Rs. 500000 was fraudulently debited from the victim's account and transferred to a digital wallet. The police traced the wallet to the accused.",Whether the respondent is liable under provisions of Information Technology Act;Indian Penal Code for the claimed dispute.,"Prosecution argued digital logs show clear connections. Defence argued no certificate under 65B was submitted, rendering files inadmissible.","Digital logs lacking 65B certificate, Seized phone with no data logs.","The court held that the digital evidence submitted by the cyber cell lacked the mandatory certification under Section 65B of the Indian Evidence Act. Without a valid electronic record certificate, the IP logs and hard drive copies are inadmissible. The accused is acquitted due to lack of admissible evidence.",Acquitted,Precedent Case Citation 34 SCC 873,https://www.indiankanoon.org/doc/1777369,True
1055,Karan Sharma v. Rahul Patel (2023),High Court of Karnataka,Tamil Nadu,Landlord/Tenant disputes,2023-05-17,Transfer of Property Act,108;105,"landlord, tenant, security deposit, rent, damage, eviction, lease deed","A landlord filed a suit for eviction of a tenant who stopped paying monthly rent of Rs. 25000 since 2023-12-03. The landlord sent a legal notice under Section 106 of the Transfer of Property Act, but the tenant did not vacate. The tenant claims the landlord refused to execute necessary repairs making the flat inhabitable.",Whether the respondent is liable under provisions of Transfer of Property Act for the claimed dispute.,Petitioner argued security deposit withholding is illegal under the lease terms. Respondent argued structural alterations were done by tenant which required expensive restoration.,"Written rent agreement, Bank statements showing deposit payment, Notice to vacate, Photos of vacated premises showing clean condition.","The court held that under Section 108 of the Transfer of Property Act, the landlord is bound to return the security deposit upon peaceful handover of possession, subject only to reasonable deductions for actual damages. Since the landlord failed to provide receipts of repair or proof of structural damage, the entire deposit must be refunded with 6% interest.",Allowed,Precedent Case Citation 73 SCC 902,https://www.indiankanoon.org/doc/6123263,True
1056,Rahul Kumar v. Amit Rao (2023),Family Court Bangalore,Karnataka,Family Law,2023-03-12,Code of Criminal Procedure;Protection of Women from Domestic Violence Act,125;12,"maintenance, domestic violence, wife support, alimony, child custody, physical abuse",A petition for maintenance was filed by the wife on behalf of herself and her minor child. She submitted school fee invoices and medical bills. The husband argues he has been laid off and has zero income.,Whether the respondent is liable under provisions of Code of Criminal Procedure;Protection of Women from Domestic Violence Act for the claimed dispute.,Wife argued boutique is running in loss. Husband presented bank records showing boutique's high turnover.,"GST registration and bank statement of wife's business, Photos showing wife running business, Decree of restitution of conjugal rights.","The court found that the wife is highly qualified, runs a successful boutique business, and generates substantial income. Since she left the matrimonial home without any reasonable cause and refuses to return despite the husband's petition for restitution of conjugal rights, her claim for maintenance is dismissed.",Dismissed,Precedent Case Citation 71 SCC 380,https://www.indiankanoon.org/doc/7672175,True
1057,Suresh Verma v. Vikram Rao (2023),District Court Bangalore,Karnataka,Landlord/Tenant disputes,2023-11-10,Transfer of Property Act,108;105,"landlord, tenant, security deposit, rent, damage, eviction, lease deed","A landlord filed a suit for eviction of a tenant who stopped paying monthly rent of Rs. 45000 since 2024-06-24. The landlord sent a legal notice under Section 106 of the Transfer of Property Act, but the tenant did not vacate. The tenant claims the landlord refused to execute necessary repairs making the flat inhabitable.",Whether the respondent is liable under provisions of Transfer of Property Act for the claimed dispute.,Petitioner claimed damages were regular wear and tear. Respondent presented invoices of plumbing repairs and structural surveyor report.,"Invoices of repairs, Surveyor report of structural damage, Leaked water bills unpaid by tenant.","The court found that the tenant did not serve the mandatory notice of termination before vacating. Furthermore, the landlord submitted structural assessment and invoices proving the tenant caused major damage to the bathroom plumbing and electrical systems, the cost of which exceeded the security deposit amount. Withholding of deposit is justified.",Dismissed,Precedent Case Citation 58 SCC 484,https://www.indiankanoon.org/doc/2550515,True
1058,Rahul Sharma v. Sunita Banerjee (2019),High Court of Karnataka,Delhi,Landlord/Tenant disputes,2019-10-18,Transfer of Property Act,108;105,"landlord, tenant, security deposit, rent, damage, eviction, lease deed","The petitioner is a tenant who leased the premises from the respondent (landlord) under a written agreement dated 2025-02-01. The tenant vacated the property on 2026-06-04 after serving a 1-month notice. However, the landlord refused to refund the security deposit of Rs. 50000, alleging minor wear-and-tear damages to the walls. The tenant claims no structural damage occurred.",Whether the respondent is liable under provisions of Transfer of Property Act for the claimed dispute.,Petitioner claimed damages were regular wear and tear. Respondent presented invoices of plumbing repairs and structural surveyor report.,"Invoices of repairs, Surveyor report of structural damage, Leaked water bills unpaid by tenant.","The court found that the tenant did not serve the mandatory notice of termination before vacating. Furthermore, the landlord submitted structural assessment and invoices proving the tenant caused major damage to the bathroom plumbing and electrical systems, the cost of which exceeded the security deposit amount. Withholding of deposit is justified.",Dismissed,Precedent Case Citation 75 SCC 835,https://www.indiankanoon.org/doc/6729210,True
1059,Rajesh Reddy v. Karan Singh (2024),Family Court Bangalore,Karnataka,Family Law,2024-12-20,Code of Criminal Procedure;Protection of Women from Domestic Violence Act,125;12,"maintenance, domestic violence, wife support, alimony, child custody, physical abuse",A petition for maintenance was filed by the wife on behalf of herself and her minor child. She submitted school fee invoices and medical bills. The husband argues he has been laid off and has zero income.,Whether the respondent is liable under provisions of Code of Criminal Procedure;Protection of Women from Domestic Violence Act for the claimed dispute.,Wife argued boutique is running in loss. Husband presented bank records showing boutique's high turnover.,"GST registration and bank statement of wife's business, Photos showing wife running business, Decree of restitution of conjugal rights.","The court found that the wife is highly qualified, runs a successful boutique business, and generates substantial income. Since she left the matrimonial home without any reasonable cause and refuses to return despite the husband's petition for restitution of conjugal rights, her claim for maintenance is dismissed.",Dismissed,Precedent Case Citation 15 SCC 698,https://www.indiankanoon.org/doc/2597050,True
1060,Ramesh Banerjee v. Rahul Iyer (2019),District Court Bangalore,Delhi,Landlord/Tenant disputes,2019-07-01,Transfer of Property Act,108;105,"landlord, tenant, security deposit, rent, damage, eviction, lease deed","The petitioner is a tenant who leased the premises from the respondent (landlord) under a written agreement dated 2023-11-17. The tenant vacated the property on 2026-02-24 after serving a 1-month notice. However, the landlord refused to refund the security deposit of Rs. 100000, alleging minor wear-and-tear damages to the walls. The tenant claims no structural damage occurred.",Whether the respondent is liable under provisions of Transfer of Property Act for the claimed dispute.,Petitioner argued security deposit withholding is illegal under the lease terms. Respondent argued structural alterations were done by tenant which required expensive restoration.,"Written rent agreement, Bank statements showing deposit payment, Notice to vacate, Photos of vacated premises showing clean condition.","The court held that under Section 108 of the Transfer of Property Act, the landlord is bound to return the security deposit upon peaceful handover of possession, subject only to reasonable deductions for actual damages. Since the landlord failed to provide receipts of repair or proof of structural damage, the entire deposit must be refunded with 6% interest.",Allowed,Precedent Case Citation 28 SCC 100,https://www.indiankanoon.org/doc/4054492,True
1061,Suresh Singh v. Suresh Rao (2020),Chief Metropolitan Magistrate Delhi,Karnataka,Cybercrime,2020-10-28,Information Technology Act;Indian Penal Code,66D;420,"online fraud, phishing, impersonation, credit card, bank transaction, cyber fraud, fake identity","The accused hacked into the complainant's email account, spoofed their business email address, and instructed a client to deposit an invoice payment of Rs. 250000 into a fraudulent bank account controlled by the accused.",Whether the respondent is liable under provisions of Information Technology Act;Indian Penal Code for the claimed dispute.,Prosecution argued digital evidence clearly identifies the accused. Defence argued the accused's Wi-Fi was hacked and someone else used their IP address.,"IP address logs, Bank transaction statements, Phone records, Forensic report of seized laptop, OTP SMS logs.","The court found that the prosecution successfully proved the digital audit trail. The IP addresses, bank account logs, and mobile phone IMEI data conclusively linked the accused to the phishing website and unauthorized transaction. The accused is convicted under Section 66D IT Act and 420 IPC.",Convicted,Precedent Case Citation 79 SCC 604,https://www.indiankanoon.org/doc/9566444,True
1062,Karan Singh v. Rahul Rao (2020),Chief Metropolitan Magistrate Delhi,Karnataka,Cybercrime,2020-10-10,Information Technology Act;Indian Penal Code,66D;420,"online fraud, phishing, impersonation, credit card, bank transaction, cyber fraud, fake identity","The accused hacked into the complainant's email account, spoofed their business email address, and instructed a client to deposit an invoice payment of Rs. 500000 into a fraudulent bank account controlled by the accused.",Whether the respondent is liable under provisions of Information Technology Act;Indian Penal Code for the claimed dispute.,Prosecution argued digital evidence clearly identifies the accused. Defence argued the accused's Wi-Fi was hacked and someone else used their IP address.,"IP address logs, Bank transaction statements, Phone records, Forensic report of seized laptop, OTP SMS logs.","The court found that the prosecution successfully proved the digital audit trail. The IP addresses, bank account logs, and mobile phone IMEI data conclusively linked the accused to the phishing website and unauthorized transaction. The accused is convicted under Section 66D IT Act and 420 IPC.",Convicted,Precedent Case Citation 13 SCC 574,https://www.indiankanoon.org/doc/5249432,True
1063,Priya Iyer v. Amit Verma (2020),Metropolitan Magistrate Mumbai,Maharashtra,Cheque/payment disputes,2020-08-07,Negotiable Instruments Act,138;139,"cheque bounce, dishonour, insufficient funds, signature mismatch, notice, liability","The accused issued a cheque of Rs. 1500000 to clear a business invoice. The cheque bounced with remark 'Account Closed'. A legal notice was sent via speed post and delivered on 2026-01-05, but the accused did not respond nor pay the amount within 15 days.",Whether the respondent is liable under provisions of Negotiable Instruments Act for the claimed dispute.,Complainant argued the debt is legally enforceable through invoices. Accused argued the cheque was stolen and signature was forged.,"Original dishonoured cheque, Bank return memo, Office copy of statutory legal notice, Speed post delivery receipt, Business invoice.","The court held that under Section 139 of the Negotiable Instruments Act, there is a statutory presumption in favour of the holder of the cheque that it was issued for the discharge of a legally enforceable debt. The accused failed to lead any cogent evidence to rebut this presumption. The accused is convicted under Section 138 NI Act.",Convicted,Precedent Case Citation 23 SCC 867,https://www.indiankanoon.org/doc/5081846,True
1064,Sunita Sharma v. Amit Singh (2020),High Court of Karnataka,Delhi,Contract Law,2020-07-05,Indian Contract Act,73;10,"breach of contract, specific performance, commercial dispute, damages, agreement, non-payment","The plaintiff entered into a supply agreement with the defendant for delivering raw materials worth Rs. 250000. The plaintiff paid an advance of Rs. 10000. The defendant failed to deliver the materials within the agreed timeline, causing a complete shutdown of the plaintiff's factory. The plaintiff claims damages for loss of business.",Whether the respondent is liable under provisions of Indian Contract Act for the claimed dispute.,Plaintiff claimed informal emails form a contract. Defendant argued no final offer and acceptance took place.,"Negotiation drafts, Vague email replies, No financial books proving actual losses.","The court found that there was no concluded contract between the parties, as the emails exchanged were merely negotiations and no formal agreement was executed (lacking Section 10 parameters). Additionally, the plaintiff did not suffer any quantifiable loss. The suit is dismissed.",Dismissed,Precedent Case Citation 66 SCC 438,https://www.indiankanoon.org/doc/3847521,True
1065,Suresh Iyer v. Ramesh Singh (2024),High Court of Karnataka,Karnataka,Landlord/Tenant disputes,2024-09-14,Transfer of Property Act,108;105,"landlord, tenant, security deposit, rent, damage, eviction, lease deed","A landlord filed a suit for eviction of a tenant who stopped paying monthly rent of Rs. 25000 since 2024-12-26. The landlord sent a legal notice under Section 106 of the Transfer of Property Act, but the tenant did not vacate. The tenant claims the landlord refused to execute necessary repairs making the flat inhabitable.",Whether the respondent is liable under provisions of Transfer of Property Act for the claimed dispute.,Petitioner claimed damages were regular wear and tear. Respondent presented invoices of plumbing repairs and structural surveyor report.,"Invoices of repairs, Surveyor report of structural damage, Leaked water bills unpaid by tenant.","The court found that the tenant did not serve the mandatory notice of termination before vacating. Furthermore, the landlord submitted structural assessment and invoices proving the tenant caused major damage to the bathroom plumbing and electrical systems, the cost of which exceeded the security deposit amount. Withholding of deposit is justified.",Dismissed,Precedent Case Citation 19 SCC 509,https://www.indiankanoon.org/doc/4649620,True
1066,Amit Joshi v. Anjali Patel (2021),City Civil Court Chennai,Tamil Nadu,Contract Law,2021-09-24,Indian Contract Act,73;10,"breach of contract, specific performance, commercial dispute, damages, agreement, non-payment","The plaintiff entered into a supply agreement with the defendant for delivering raw materials worth Rs. 500000. The plaintiff paid an advance of Rs. 25000. The defendant failed to deliver the materials within the agreed timeline, causing a complete shutdown of the plaintiff's factory. The plaintiff claims damages for loss of business.",Whether the respondent is liable under provisions of Indian Contract Act for the claimed dispute.,Plaintiff claimed informal emails form a contract. Defendant argued no final offer and acceptance took place.,"Negotiation drafts, Vague email replies, No financial books proving actual losses.","The court found that there was no concluded contract between the parties, as the emails exchanged were merely negotiations and no formal agreement was executed (lacking Section 10 parameters). Additionally, the plaintiff did not suffer any quantifiable loss. The suit is dismissed.",Dismissed,Precedent Case Citation 23 SCC 705,https://www.indiankanoon.org/doc/7429195,True
1067,Anjali Banerjee v. Sunita Reddy (2018),Family Court Bangalore,Uttar Pradesh,Family Law,2018-08-25,Code of Criminal Procedure;Protection of Women from Domestic Violence Act,125;12,"maintenance, domestic violence, wife support, alimony, child custody, physical abuse","The petitioner wife filed for maintenance under Section 125 CrPC, stating she was driven out of the matrimonial home by the husband and is unable to maintain herself. She claims the husband earns Rs. 200000 per month as a software engineer and refuses to support her. The husband claims she left voluntarily.",Whether the respondent is liable under provisions of Code of Criminal Procedure;Protection of Women from Domestic Violence Act for the claimed dispute.,Wife argued she has no source of income and resides in parents' house. Husband argued wife is highly qualified and can work.,"Marriage certificate, Income tax returns of husband, Child's school fee receipt, Medical certificates showing treatment of domestic abuse.",The court observed that the husband has a social and legal duty to maintain his wife and minor child. The husband's claim of unemployment cannot absolve him of his duty to maintain. He is ordered to pay monthly maintenance of Rs. {maintenance} to the wife.,Allowed,Precedent Case Citation 12 SCC 103,https://www.indiankanoon.org/doc/9825114,True
1068,Priya Singh v. Sunita Banerjee (2019),High Court of Karnataka,Tamil Nadu,Contract Law,2019-11-18,Indian Contract Act,73;10,"breach of contract, specific performance, commercial dispute, damages, agreement, non-payment","The plaintiff entered into a supply agreement with the defendant for delivering raw materials worth Rs. 1500000. The plaintiff paid an advance of Rs. 50000. The defendant failed to deliver the materials within the agreed timeline, causing a complete shutdown of the plaintiff's factory. The plaintiff claims damages for loss of business.",Whether the respondent is liable under provisions of Indian Contract Act for the claimed dispute.,Plaintiff claimed informal emails form a contract. Defendant argued no final offer and acceptance took place.,"Negotiation drafts, Vague email replies, No financial books proving actual losses.","The court found that there was no concluded contract between the parties, as the emails exchanged were merely negotiations and no formal agreement was executed (lacking Section 10 parameters). Additionally, the plaintiff did not suffer any quantifiable loss. The suit is dismissed.",Dismissed,Precedent Case Citation 24 SCC 788,https://www.indiankanoon.org/doc/6995745,True
1069,Anjali Rao v. Vikram Patel (2018),High Court of Karnataka,Karnataka,Landlord/Tenant disputes,2018-06-23,Transfer of Property Act,108;105,"landlord, tenant, security deposit, rent, damage, eviction, lease deed","The petitioner is a tenant who leased the premises from the respondent (landlord) under a written agreement dated 2024-12-05. The tenant vacated the property on 2026-03-04 after serving a 1-month notice. However, the landlord refused to refund the security deposit of Rs. 500000, alleging minor wear-and-tear damages to the walls. The tenant claims no structural damage occurred.",Whether the respondent is liable under provisions of Transfer of Property Act for the claimed dispute.,Petitioner claimed damages were regular wear and tear. Respondent presented invoices of plumbing repairs and structural surveyor report.,"Invoices of repairs, Surveyor report of structural damage, Leaked water bills unpaid by tenant.","The court found that the tenant did not serve the mandatory notice of termination before vacating. Furthermore, the landlord submitted structural assessment and invoices proving the tenant caused major damage to the bathroom plumbing and electrical systems, the cost of which exceeded the security deposit amount. Withholding of deposit is justified.",Dismissed,Precedent Case Citation 76 SCC 123,https://www.indiankanoon.org/doc/7094452,True
1070,Karan Sharma v. Priya Reddy (2018),Civil Court Delhi,Maharashtra,Landlord/Tenant disputes,2018-08-04,Transfer of Property Act,108;105,"landlord, tenant, security deposit, rent, damage, eviction, lease deed","The petitioner is a tenant who leased the premises from the respondent (landlord) under a written agreement dated 2025-02-07. The tenant vacated the property on 2026-04-05 after serving a 1-month notice. However, the landlord refused to refund the security deposit of Rs. 1500000, alleging minor wear-and-tear damages to the walls. The tenant claims no structural damage occurred.",Whether the respondent is liable under provisions of Transfer of Property Act for the claimed dispute.,Petitioner claimed damages were regular wear and tear. Respondent presented invoices of plumbing repairs and structural surveyor report.,"Invoices of repairs, Surveyor report of structural damage, Leaked water bills unpaid by tenant.","The court found that the tenant did not serve the mandatory notice of termination before vacating. Furthermore, the landlord submitted structural assessment and invoices proving the tenant caused major damage to the bathroom plumbing and electrical systems, the cost of which exceeded the security deposit amount. Withholding of deposit is justified.",Dismissed,Precedent Case Citation 71 SCC 490,https://www.indiankanoon.org/doc/7066012,True
1071,Vikram Banerjee v. Sunita Sharma (2018),Sessions Court Mumbai,Uttar Pradesh,Family Law,2018-02-09,Code of Criminal Procedure;Protection of Women from Domestic Violence Act,125;12,"maintenance, domestic violence, wife support, alimony, child custody, physical abuse","The petitioner wife filed for maintenance under Section 125 CrPC, stating she was driven out of the matrimonial home by the husband and is unable to maintain herself. She claims the husband earns Rs. 80000 per month as a software engineer and refuses to support her. The husband claims she left voluntarily.",Whether the respondent is liable under provisions of Code of Criminal Procedure;Protection of Women from Domestic Violence Act for the claimed dispute.,Wife argued boutique is running in loss. Husband presented bank records showing boutique's high turnover.,"GST registration and bank statement of wife's business, Photos showing wife running business, Decree of restitution of conjugal rights.","The court found that the wife is highly qualified, runs a successful boutique business, and generates substantial income. Since she left the matrimonial home without any reasonable cause and refuses to return despite the husband's petition for restitution of conjugal rights, her claim for maintenance is dismissed.",Dismissed,Precedent Case Citation 51 SCC 729,https://www.indiankanoon.org/doc/4155854,True
1072,Ramesh Rao v. Anjali Rao (2024),City Civil Court Chennai,Delhi,Contract Law,2024-06-22,Indian Contract Act,73;10,"breach of contract, specific performance, commercial dispute, damages, agreement, non-payment","The plaintiff entered into a supply agreement with the defendant for delivering raw materials worth Rs. 250000. The plaintiff paid an advance of Rs. 50000. The defendant failed to deliver the materials within the agreed timeline, causing a complete shutdown of the plaintiff's factory. The plaintiff claims damages for loss of business.",Whether the respondent is liable under provisions of Indian Contract Act for the claimed dispute.,Plaintiff argued the delay directly halted factory output. Defendant argued force majeure due to transport strike.,"Written agreement, Email correspondence, Bank transactions, Production loss ledger, Invoices.","The court observed that the defendant committed a clear breach by failing to perform their contractual obligation within the stipulated time. Under Section 73 of the Contract Act, the plaintiff is entitled to recover the advance and receive reasonable damages that naturally arose from the breach.",Allowed,Precedent Case Citation 21 SCC 395,https://www.indiankanoon.org/doc/5626607,True
1073,Rahul Banerjee v. Rajesh Verma (2024),District Court Bangalore,Delhi,Landlord/Tenant disputes,2024-02-16,Transfer of Property Act,108;105,"landlord, tenant, security deposit, rent, damage, eviction, lease deed","The tenant had been residing in the property under an oral agreement since 2024-05-29. Upon vacating, the landlord locked the premises and withheld the deposit of Rs. 250000 without any justification or damage report. The tenant had paid all electricity and water bills and possesses water-tight payment receipts.",Whether the respondent is liable under provisions of Transfer of Property Act for the claimed dispute.,Petitioner claimed damages were regular wear and tear. Respondent presented invoices of plumbing repairs and structural surveyor report.,"Invoices of repairs, Surveyor report of structural damage, Leaked water bills unpaid by tenant.","The court found that the tenant did not serve the mandatory notice of termination before vacating. Furthermore, the landlord submitted structural assessment and invoices proving the tenant caused major damage to the bathroom plumbing and electrical systems, the cost of which exceeded the security deposit amount. Withholding of deposit is justified.",Dismissed,Precedent Case Citation 68 SCC 719,https://www.indiankanoon.org/doc/6745224,True
1074,Karan Rao v. Karan Banerjee (2022),Small Causes Court Mumbai,Delhi,Landlord/Tenant disputes,2022-09-24,Transfer of Property Act,108;105,"landlord, tenant, security deposit, rent, damage, eviction, lease deed","A landlord filed a suit for eviction of a tenant who stopped paying monthly rent of Rs. 15000 since 2024-12-06. The landlord sent a legal notice under Section 106 of the Transfer of Property Act, but the tenant did not vacate. The tenant claims the landlord refused to execute necessary repairs making the flat inhabitable.",Whether the respondent is liable under provisions of Transfer of Property Act for the claimed dispute.,Petitioner argued security deposit withholding is illegal under the lease terms. Respondent argued structural alterations were done by tenant which required expensive restoration.,"Written rent agreement, Bank statements showing deposit payment, Notice to vacate, Photos of vacated premises showing clean condition.","The court held that under Section 108 of the Transfer of Property Act, the landlord is bound to return the security deposit upon peaceful handover of possession, subject only to reasonable deductions for actual damages. Since the landlord failed to provide receipts of repair or proof of structural damage, the entire deposit must be refunded with 6% interest.",Allowed,Precedent Case Citation 71 SCC 182,https://www.indiankanoon.org/doc/3723824,True
1075,Priya Singh v. Karan Banerjee (2018),Delhi High Court,Karnataka,Contract Law,2018-11-26,Indian Contract Act,73;10,"breach of contract, specific performance, commercial dispute, damages, agreement, non-payment","The plaintiff entered into a supply agreement with the defendant for delivering raw materials worth Rs. 50000. The plaintiff paid an advance of Rs. 10000. The defendant failed to deliver the materials within the agreed timeline, causing a complete shutdown of the plaintiff's factory. The plaintiff claims damages for loss of business.",Whether the respondent is liable under provisions of Indian Contract Act for the claimed dispute.,Plaintiff claimed informal emails form a contract. Defendant argued no final offer and acceptance took place.,"Negotiation drafts, Vague email replies, No financial books proving actual losses.","The court found that there was no concluded contract between the parties, as the emails exchanged were merely negotiations and no formal agreement was executed (lacking Section 10 parameters). Additionally, the plaintiff did not suffer any quantifiable loss. The suit is dismissed.",Dismissed,Precedent Case Citation 45 SCC 381,https://www.indiankanoon.org/doc/4440426,True
1076,Sunita Banerjee v. Rahul Singh (2020),High Court of Karnataka,Maharashtra,Landlord/Tenant disputes,2020-02-16,Transfer of Property Act,108;105,"landlord, tenant, security deposit, rent, damage, eviction, lease deed","The tenant had been residing in the property under an oral agreement since 2024-12-05. Upon vacating, the landlord locked the premises and withheld the deposit of Rs. 500000 without any justification or damage report. The tenant had paid all electricity and water bills and possesses water-tight payment receipts.",Whether the respondent is liable under provisions of Transfer of Property Act for the claimed dispute.,Petitioner argued security deposit withholding is illegal under the lease terms. Respondent argued structural alterations were done by tenant which required expensive restoration.,"Written rent agreement, Bank statements showing deposit payment, Notice to vacate, Photos of vacated premises showing clean condition.","The court held that under Section 108 of the Transfer of Property Act, the landlord is bound to return the security deposit upon peaceful handover of possession, subject only to reasonable deductions for actual damages. Since the landlord failed to provide receipts of repair or proof of structural damage, the entire deposit must be refunded with 6% interest.",Allowed,Precedent Case Citation 15 SCC 451,https://www.indiankanoon.org/doc/8290407,True
1077,Suresh Joshi v. Amit Patel (2020),Small Causes Court Mumbai,Delhi,Landlord/Tenant disputes,2020-12-27,Transfer of Property Act,108;105,"landlord, tenant, security deposit, rent, damage, eviction, lease deed","The tenant had been residing in the property under an oral agreement since 2025-03-17. Upon vacating, the landlord locked the premises and withheld the deposit of Rs. 1500000 without any justification or damage report. The tenant had paid all electricity and water bills and possesses water-tight payment receipts.",Whether the respondent is liable under provisions of Transfer of Property Act for the claimed dispute.,Petitioner argued security deposit withholding is illegal under the lease terms. Respondent argued structural alterations were done by tenant which required expensive restoration.,"Written rent agreement, Bank statements showing deposit payment, Notice to vacate, Photos of vacated premises showing clean condition.","The court held that under Section 108 of the Transfer of Property Act, the landlord is bound to return the security deposit upon peaceful handover of possession, subject only to reasonable deductions for actual damages. Since the landlord failed to provide receipts of repair or proof of structural damage, the entire deposit must be refunded with 6% interest.",Allowed,Precedent Case Citation 47 SCC 842,https://www.indiankanoon.org/doc/6987346,True
1078,Vikram Singh v. Priya Kumar (2018),Chief Judicial Magistrate Pune,Maharashtra,Cheque/payment disputes,2018-06-23,Negotiable Instruments Act,138;139,"cheque bounce, dishonour, insufficient funds, signature mismatch, notice, liability","The accused issued a cheque of Rs. 1500000 to clear a business invoice. The cheque bounced with remark 'Account Closed'. A legal notice was sent via speed post and delivered on 2025-12-15, but the accused did not respond nor pay the amount within 15 days.",Whether the respondent is liable under provisions of Negotiable Instruments Act for the claimed dispute.,Complainant argued the debt is legally enforceable through invoices. Accused argued the cheque was stolen and signature was forged.,"Original dishonoured cheque, Bank return memo, Office copy of statutory legal notice, Speed post delivery receipt, Business invoice.","The court held that under Section 139 of the Negotiable Instruments Act, there is a statutory presumption in favour of the holder of the cheque that it was issued for the discharge of a legally enforceable debt. The accused failed to lead any cogent evidence to rebut this presumption. The accused is convicted under Section 138 NI Act.",Convicted,Precedent Case Citation 38 SCC 170,https://www.indiankanoon.org/doc/4921140,False
1079,Rajesh Patel v. Amit Patel (2021),Sessions Court Hyderabad,Karnataka,Cybercrime,2021-04-27,Information Technology Act;Indian Penal Code,66D;420,"online fraud, phishing, impersonation, credit card, bank transaction, cyber fraud, fake identity",The accused created a fake website resembling a popular e-commerce platform and induced multiple customers to pay online for discounted electronics. Customers did not receive any goods. Cyber police registered an FIR under Section 66D of the IT Act and Section 420 of the IPC.,Whether the respondent is liable under provisions of Information Technology Act;Indian Penal Code for the claimed dispute.,"Prosecution argued digital logs show clear connections. Defence argued no certificate under 65B was submitted, rendering files inadmissible.","Digital logs lacking 65B certificate, Seized phone with no data logs.","The court held that the digital evidence submitted by the cyber cell lacked the mandatory certification under Section 65B of the Indian Evidence Act. Without a valid electronic record certificate, the IP logs and hard drive copies are inadmissible. The accused is acquitted due to lack of admissible evidence.",Acquitted,Precedent Case Citation 59 SCC 980,https://www.indiankanoon.org/doc/1110444,True
1080,Amit Kumar v. Ramesh Kumar (2023),Judicial Magistrate Chennai,Tamil Nadu,Cheque/payment disputes,2023-04-21,Negotiable Instruments Act,138;139,"cheque bounce, dishonour, insufficient funds, signature mismatch, notice, liability","The accused issued a cheque of Rs. 1500000 to clear a business invoice. The cheque bounced with remark 'Account Closed'. A legal notice was sent via speed post and delivered on 2025-12-05, but the accused did not respond nor pay the amount within 15 days.",Whether the respondent is liable under provisions of Negotiable Instruments Act for the claimed dispute.,Complainant argued notice was sent to last known address. Accused argued they changed address and no notice was received within 30 days.,"Postal tracking report showing delay/non-delivery of notice, Bank returns date log.","The court observed that the complainant failed to prove that the statutory legal notice was served on the accused within the mandatory 30-day window from the bank return memo date. As the service of notice is a condition precedent to attract Section 138, the complaint is dismissed and the accused is acquitted.",Acquitted,Precedent Case Citation 18 SCC 240,https://www.indiankanoon.org/doc/1809815,True
1081,Rajesh Verma v. Ramesh Iyer (2018),Family Court Bangalore,Karnataka,Family Law,2018-01-05,Code of Criminal Procedure;Protection of Women from Domestic Violence Act,125;12,"maintenance, domestic violence, wife support, alimony, child custody, physical abuse",A petition for maintenance was filed by the wife on behalf of herself and her minor child. She submitted school fee invoices and medical bills. The husband argues he has been laid off and has zero income.,Whether the respondent is liable under provisions of Code of Criminal Procedure;Protection of Women from Domestic Violence Act for the claimed dispute.,Wife argued boutique is running in loss. Husband presented bank records showing boutique's high turnover.,"GST registration and bank statement of wife's business, Photos showing wife running business, Decree of restitution of conjugal rights.","The court found that the wife is highly qualified, runs a successful boutique business, and generates substantial income. Since she left the matrimonial home without any reasonable cause and refuses to return despite the husband's petition for restitution of conjugal rights, her claim for maintenance is dismissed.",Dismissed,Precedent Case Citation 47 SCC 714,https://www.indiankanoon.org/doc/7371682,True
1082,Rajesh Rao v. Vikram Banerjee (2024),District Court Bangalore,Maharashtra,Landlord/Tenant disputes,2024-03-19,Transfer of Property Act,108;105,"landlord, tenant, security deposit, rent, damage, eviction, lease deed","A landlord filed a suit for eviction of a tenant who stopped paying monthly rent of Rs. 25000 since 2024-07-10. The landlord sent a legal notice under Section 106 of the Transfer of Property Act, but the tenant did not vacate. The tenant claims the landlord refused to execute necessary repairs making the flat inhabitable.",Whether the respondent is liable under provisions of Transfer of Property Act for the claimed dispute.,Petitioner claimed damages were regular wear and tear. Respondent presented invoices of plumbing repairs and structural surveyor report.,"Invoices of repairs, Surveyor report of structural damage, Leaked water bills unpaid by tenant.","The court found that the tenant did not serve the mandatory notice of termination before vacating. Furthermore, the landlord submitted structural assessment and invoices proving the tenant caused major damage to the bathroom plumbing and electrical systems, the cost of which exceeded the security deposit amount. Withholding of deposit is justified.",Dismissed,Precedent Case Citation 84 SCC 135,https://www.indiankanoon.org/doc/3828350,True
1083,Amit Iyer v. Rajesh Reddy (2018),Small Causes Court Mumbai,Tamil Nadu,Landlord/Tenant disputes,2018-04-26,Transfer of Property Act,108;105,"landlord, tenant, security deposit, rent, damage, eviction, lease deed","The petitioner is a tenant who leased the premises from the respondent (landlord) under a written agreement dated 2025-05-25. The tenant vacated the property on 2026-03-31 after serving a 1-month notice. However, the landlord refused to refund the security deposit of Rs. 500000, alleging minor wear-and-tear damages to the walls. The tenant claims no structural damage occurred.",Whether the respondent is liable under provisions of Transfer of Property Act for the claimed dispute.,Petitioner claimed damages were regular wear and tear. Respondent presented invoices of plumbing repairs and structural surveyor report.,"Invoices of repairs, Surveyor report of structural damage, Leaked water bills unpaid by tenant.","The court found that the tenant did not serve the mandatory notice of termination before vacating. Furthermore, the landlord submitted structural assessment and invoices proving the tenant caused major damage to the bathroom plumbing and electrical systems, the cost of which exceeded the security deposit amount. Withholding of deposit is justified.",Dismissed,Precedent Case Citation 83 SCC 245,https://www.indiankanoon.org/doc/5197747,False
1084,Sunita Patel v. Karan Iyer (2024),High Court of Delhi,Karnataka,Cheque/payment disputes,2024-08-27,Negotiable Instruments Act,138;139,"cheque bounce, dishonour, insufficient funds, signature mismatch, notice, liability","The complainant supplied goods to the accused, who issued a cheque for Rs. 50000 dated 2024-08-08 in discharge of the outstanding liability. Upon presentation, the cheque was returned dishonoured with the remarks 'Funds Insufficient'. The complainant sent a statutory legal notice within 30 days, but the accused failed to pay.",Whether the respondent is liable under provisions of Negotiable Instruments Act for the claimed dispute.,Complainant argued the debt is legally enforceable through invoices. Accused argued the cheque was stolen and signature was forged.,"Original dishonoured cheque, Bank return memo, Office copy of statutory legal notice, Speed post delivery receipt, Business invoice.","The court held that under Section 139 of the Negotiable Instruments Act, there is a statutory presumption in favour of the holder of the cheque that it was issued for the discharge of a legally enforceable debt. The accused failed to lead any cogent evidence to rebut this presumption. The accused is convicted under Section 138 NI Act.",Convicted,Precedent Case Citation 44 SCC 730,https://www.indiankanoon.org/doc/5175542,True
1085,Anjali Kumar v. Anjali Joshi (2019),City Civil Court Chennai,Karnataka,Contract Law,2019-04-24,Indian Contract Act,73;10,"breach of contract, specific performance, commercial dispute, damages, agreement, non-payment",The buyer paid a deposit of Rs. 250000 for buying machinery. The seller refused to deliver the machinery and sold it to a third party at a higher price. The buyer files a suit for recovery of deposit and breach of contract damages.,Whether the respondent is liable under provisions of Indian Contract Act for the claimed dispute.,Plaintiff claimed informal emails form a contract. Defendant argued no final offer and acceptance took place.,"Negotiation drafts, Vague email replies, No financial books proving actual losses.","The court found that there was no concluded contract between the parties, as the emails exchanged were merely negotiations and no formal agreement was executed (lacking Section 10 parameters). Additionally, the plaintiff did not suffer any quantifiable loss. The suit is dismissed.",Dismissed,Precedent Case Citation 98 SCC 182,https://www.indiankanoon.org/doc/8972191,True
1086,Amit Rao v. Karan Sharma (2021),Chief Judicial Magistrate Pune,Maharashtra,Cheque/payment disputes,2021-09-14,Negotiable Instruments Act,138;139,"cheque bounce, dishonour, insufficient funds, signature mismatch, notice, liability","The accused issued a cheque of Rs. 500000 to clear a business invoice. The cheque bounced with remark 'Account Closed'. A legal notice was sent via speed post and delivered on 2025-12-13, but the accused did not respond nor pay the amount within 15 days.",Whether the respondent is liable under provisions of Negotiable Instruments Act for the claimed dispute.,Complainant argued the debt is legally enforceable through invoices. Accused argued the cheque was stolen and signature was forged.,"Original dishonoured cheque, Bank return memo, Office copy of statutory legal notice, Speed post delivery receipt, Business invoice.","The court held that under Section 139 of the Negotiable Instruments Act, there is a statutory presumption in favour of the holder of the cheque that it was issued for the discharge of a legally enforceable debt. The accused failed to lead any cogent evidence to rebut this presumption. The accused is convicted under Section 138 NI Act.",Convicted,Precedent Case Citation 98 SCC 228,https://www.indiankanoon.org/doc/3032388,True
1087,Rahul Kumar v. Sunita Sharma (2020),Judicial Magistrate Chennai,Maharashtra,Cheque/payment disputes,2020-06-19,Negotiable Instruments Act,138;139,"cheque bounce, dishonour, insufficient funds, signature mismatch, notice, liability",The complainant lent a friendly loan of Rs. 250000 to the accused in cash. The accused issued a post-dated cheque which bounced due to 'Signature Mismatch'. Complainant issued legal notice. The accused claims the cheque was given for security purposes and no loan was actually taken.,Whether the respondent is liable under provisions of Negotiable Instruments Act for the claimed dispute.,Complainant argued the debt is legally enforceable through invoices. Accused argued the cheque was stolen and signature was forged.,"Original dishonoured cheque, Bank return memo, Office copy of statutory legal notice, Speed post delivery receipt, Business invoice.","The court held that under Section 139 of the Negotiable Instruments Act, there is a statutory presumption in favour of the holder of the cheque that it was issued for the discharge of a legally enforceable debt. The accused failed to lead any cogent evidence to rebut this presumption. The accused is convicted under Section 138 NI Act.",Convicted,Precedent Case Citation 13 SCC 991,https://www.indiankanoon.org/doc/6242097,True
1088,Anjali Sharma v. Vikram Rao (2018),Metropolitan Magistrate Mumbai,Karnataka,Cheque/payment disputes,2018-10-02,Negotiable Instruments Act,138;139,"cheque bounce, dishonour, insufficient funds, signature mismatch, notice, liability",The complainant lent a friendly loan of Rs. 50000 to the accused in cash. The accused issued a post-dated cheque which bounced due to 'Signature Mismatch'. Complainant issued legal notice. The accused claims the cheque was given for security purposes and no loan was actually taken.,Whether the respondent is liable under provisions of Negotiable Instruments Act for the claimed dispute.,Complainant argued notice was sent to last known address. Accused argued they changed address and no notice was received within 30 days.,"Postal tracking report showing delay/non-delivery of notice, Bank returns date log.","The court observed that the complainant failed to prove that the statutory legal notice was served on the accused within the mandatory 30-day window from the bank return memo date. As the service of notice is a condition precedent to attract Section 138, the complaint is dismissed and the accused is acquitted.",Acquitted,Precedent Case Citation 66 SCC 672,https://www.indiankanoon.org/doc/9987357,True
1089,Sunita Rao v. Karan Kumar (2023),Sessions Court Mumbai,Uttar Pradesh,Family Law,2023-04-12,Code of Criminal Procedure;Protection of Women from Domestic Violence Act,125;12,"maintenance, domestic violence, wife support, alimony, child custody, physical abuse","The petitioner wife filed for maintenance under Section 125 CrPC, stating she was driven out of the matrimonial home by the husband and is unable to maintain herself. She claims the husband earns Rs. 200000 per month as a software engineer and refuses to support her. The husband claims she left voluntarily.",Whether the respondent is liable under provisions of Code of Criminal Procedure;Protection of Women from Domestic Violence Act for the claimed dispute.,Wife argued boutique is running in loss. Husband presented bank records showing boutique's high turnover.,"GST registration and bank statement of wife's business, Photos showing wife running business, Decree of restitution of conjugal rights.","The court found that the wife is highly qualified, runs a successful boutique business, and generates substantial income. Since she left the matrimonial home without any reasonable cause and refuses to return despite the husband's petition for restitution of conjugal rights, her claim for maintenance is dismissed.",Dismissed,Precedent Case Citation 32 SCC 541,https://www.indiankanoon.org/doc/4295132,True
1090,Priya Rao v. Suresh Kumar (2019),Small Causes Court Mumbai,Delhi,Landlord/Tenant disputes,2019-12-04,Transfer of Property Act,108;105,"landlord, tenant, security deposit, rent, damage, eviction, lease deed","The tenant had been residing in the property under an oral agreement since 2024-09-27. Upon vacating, the landlord locked the premises and withheld the deposit of Rs. 250000 without any justification or damage report. The tenant had paid all electricity and water bills and possesses water-tight payment receipts.",Whether the respondent is liable under provisions of Transfer of Property Act for the claimed dispute.,Petitioner argued security deposit withholding is illegal under the lease terms. Respondent argued structural alterations were done by tenant which required expensive restoration.,"Written rent agreement, Bank statements showing deposit payment, Notice to vacate, Photos of vacated premises showing clean condition.","The court held that under Section 108 of the Transfer of Property Act, the landlord is bound to return the security deposit upon peaceful handover of possession, subject only to reasonable deductions for actual damages. Since the landlord failed to provide receipts of repair or proof of structural damage, the entire deposit must be refunded with 6% interest.",Allowed,Precedent Case Citation 16 SCC 481,https://www.indiankanoon.org/doc/8597111,True
1091,Sunita Patel v. Sunita Banerjee (2019),Sessions Court Mumbai,Karnataka,Family Law,2019-07-14,Code of Criminal Procedure;Protection of Women from Domestic Violence Act,125;12,"maintenance, domestic violence, wife support, alimony, child custody, physical abuse","The applicant filed a petition under Section 12 of the Domestic Violence Act alleging continuous physical abuse and emotional torture by the husband and in-laws. She sought a protection order, residence order, and monthly maintenance of Rs. 20000.",Whether the respondent is liable under provisions of Code of Criminal Procedure;Protection of Women from Domestic Violence Act for the claimed dispute.,Wife argued she has no source of income and resides in parents' house. Husband argued wife is highly qualified and can work.,"Marriage certificate, Income tax returns of husband, Child's school fee receipt, Medical certificates showing treatment of domestic abuse.",The court observed that the husband has a social and legal duty to maintain his wife and minor child. The husband's claim of unemployment cannot absolve him of his duty to maintain. He is ordered to pay monthly maintenance of Rs. {maintenance} to the wife.,Allowed,Precedent Case Citation 45 SCC 124,https://www.indiankanoon.org/doc/9389376,True
1092,Vikram Patel v. Sunita Banerjee (2018),Small Causes Court Mumbai,Tamil Nadu,Landlord/Tenant disputes,2018-03-13,Transfer of Property Act,108;105,"landlord, tenant, security deposit, rent, damage, eviction, lease deed","The tenant had been residing in the property under an oral agreement since 2024-10-27. Upon vacating, the landlord locked the premises and withheld the deposit of Rs. 250000 without any justification or damage report. The tenant had paid all electricity and water bills and possesses water-tight payment receipts.",Whether the respondent is liable under provisions of Transfer of Property Act for the claimed dispute.,Petitioner argued security deposit withholding is illegal under the lease terms. Respondent argued structural alterations were done by tenant which required expensive restoration.,"Written rent agreement, Bank statements showing deposit payment, Notice to vacate, Photos of vacated premises showing clean condition.","The court held that under Section 108 of the Transfer of Property Act, the landlord is bound to return the security deposit upon peaceful handover of possession, subject only to reasonable deductions for actual damages. Since the landlord failed to provide receipts of repair or proof of structural damage, the entire deposit must be refunded with 6% interest.",Allowed,Precedent Case Citation 89 SCC 321,https://www.indiankanoon.org/doc/7305989,True
1093,Vikram Rao v. Rahul Verma (2021),Metropolitan Magistrate Mumbai,Delhi,Cheque/payment disputes,2021-01-19,Negotiable Instruments Act,138;139,"cheque bounce, dishonour, insufficient funds, signature mismatch, notice, liability","The complainant supplied goods to the accused, who issued a cheque for Rs. 250000 dated 2025-09-18 in discharge of the outstanding liability. Upon presentation, the cheque was returned dishonoured with the remarks 'Funds Insufficient'. The complainant sent a statutory legal notice within 30 days, but the accused failed to pay.",Whether the respondent is liable under provisions of Negotiable Instruments Act for the claimed dispute.,Complainant argued notice was sent to last known address. Accused argued they changed address and no notice was received within 30 days.,"Postal tracking report showing delay/non-delivery of notice, Bank returns date log.","The court observed that the complainant failed to prove that the statutory legal notice was served on the accused within the mandatory 30-day window from the bank return memo date. As the service of notice is a condition precedent to attract Section 138, the complaint is dismissed and the accused is acquitted.",Acquitted,Precedent Case Citation 95 SCC 615,https://www.indiankanoon.org/doc/2759889,True
1094,Karan Singh v. Rahul Joshi (2023),Family Court Bangalore,Maharashtra,Family Law,2023-03-19,Code of Criminal Procedure;Protection of Women from Domestic Violence Act,125;12,"maintenance, domestic violence, wife support, alimony, child custody, physical abuse",A petition for maintenance was filed by the wife on behalf of herself and her minor child. She submitted school fee invoices and medical bills. The husband argues he has been laid off and has zero income.,Whether the respondent is liable under provisions of Code of Criminal Procedure;Protection of Women from Domestic Violence Act for the claimed dispute.,Wife argued she has no source of income and resides in parents' house. Husband argued wife is highly qualified and can work.,"Marriage certificate, Income tax returns of husband, Child's school fee receipt, Medical certificates showing treatment of domestic abuse.",The court observed that the husband has a social and legal duty to maintain his wife and minor child. The husband's claim of unemployment cannot absolve him of his duty to maintain. He is ordered to pay monthly maintenance of Rs. {maintenance} to the wife.,Allowed,Precedent Case Citation 93 SCC 906,https://www.indiankanoon.org/doc/3429056,False
1095,Priya Banerjee v. Suresh Iyer (2022),Metropolitan Magistrate Mumbai,Delhi,Cheque/payment disputes,2022-10-07,Negotiable Instruments Act,138;139,"cheque bounce, dishonour, insufficient funds, signature mismatch, notice, liability","The accused issued a cheque of Rs. 50000 to clear a business invoice. The cheque bounced with remark 'Account Closed'. A legal notice was sent via speed post and delivered on 2026-01-20, but the accused did not respond nor pay the amount within 15 days.",Whether the respondent is liable under provisions of Negotiable Instruments Act for the claimed dispute.,Complainant argued the debt is legally enforceable through invoices. Accused argued the cheque was stolen and signature was forged.,"Original dishonoured cheque, Bank return memo, Office copy of statutory legal notice, Speed post delivery receipt, Business invoice.","The court held that under Section 139 of the Negotiable Instruments Act, there is a statutory presumption in favour of the holder of the cheque that it was issued for the discharge of a legally enforceable debt. The accused failed to lead any cogent evidence to rebut this presumption. The accused is convicted under Section 138 NI Act.",Convicted,Precedent Case Citation 48 SCC 159,https://www.indiankanoon.org/doc/8855203,True
1096,Rahul Verma v. Vikram Kumar (2019),High Court of Delhi,Maharashtra,Cheque/payment disputes,2019-08-28,Negotiable Instruments Act,138;139,"cheque bounce, dishonour, insufficient funds, signature mismatch, notice, liability","The accused issued a cheque of Rs. 50000 to clear a business invoice. The cheque bounced with remark 'Account Closed'. A legal notice was sent via speed post and delivered on 2026-01-04, but the accused did not respond nor pay the amount within 15 days.",Whether the respondent is liable under provisions of Negotiable Instruments Act for the claimed dispute.,Complainant argued notice was sent to last known address. Accused argued they changed address and no notice was received within 30 days.,"Postal tracking report showing delay/non-delivery of notice, Bank returns date log.","The court observed that the complainant failed to prove that the statutory legal notice was served on the accused within the mandatory 30-day window from the bank return memo date. As the service of notice is a condition precedent to attract Section 138, the complaint is dismissed and the accused is acquitted.",Acquitted,Precedent Case Citation 77 SCC 827,https://www.indiankanoon.org/doc/9564221,True
1097,Ramesh Verma v. Priya Rao (2022),City Civil Court Chennai,Delhi,Contract Law,2022-04-04,Indian Contract Act,73;10,"breach of contract, specific performance, commercial dispute, damages, agreement, non-payment",The buyer paid a deposit of Rs. 50000 for buying machinery. The seller refused to deliver the machinery and sold it to a third party at a higher price. The buyer files a suit for recovery of deposit and breach of contract damages.,Whether the respondent is liable under provisions of Indian Contract Act for the claimed dispute.,Plaintiff claimed informal emails form a contract. Defendant argued no final offer and acceptance took place.,"Negotiation drafts, Vague email replies, No financial books proving actual losses.","The court found that there was no concluded contract between the parties, as the emails exchanged were merely negotiations and no formal agreement was executed (lacking Section 10 parameters). Additionally, the plaintiff did not suffer any quantifiable loss. The suit is dismissed.",Dismissed,Precedent Case Citation 73 SCC 144,https://www.indiankanoon.org/doc/9092215,True
1098,Rajesh Rao v. Rahul Verma (2020),Delhi High Court,Karnataka,Contract Law,2020-11-04,Indian Contract Act,73;10,"breach of contract, specific performance, commercial dispute, damages, agreement, non-payment","A service agreement was signed between a software development firm and a client. The client stopped payments midway, claiming the software had major bugs. The development firm sued the client for the unpaid invoices of Rs. 500000, presenting email communications indicating client satisfaction and sign-offs.",Whether the respondent is liable under provisions of Indian Contract Act for the claimed dispute.,Plaintiff argued the delay directly halted factory output. Defendant argued force majeure due to transport strike.,"Written agreement, Email correspondence, Bank transactions, Production loss ledger, Invoices.","The court observed that the defendant committed a clear breach by failing to perform their contractual obligation within the stipulated time. Under Section 73 of the Contract Act, the plaintiff is entitled to recover the advance and receive reasonable damages that naturally arose from the breach.",Allowed,Precedent Case Citation 48 SCC 593,https://www.indiankanoon.org/doc/9394390,True
1099,Karan Verma v. Rahul Sharma (2021),Small Causes Court Mumbai,Tamil Nadu,Landlord/Tenant disputes,2021-08-03,Transfer of Property Act,108;105,"landlord, tenant, security deposit, rent, damage, eviction, lease deed","The petitioner is a tenant who leased the premises from the respondent (landlord) under a written agreement dated 2025-01-04. The tenant vacated the property on 2026-03-19 after serving a 1-month notice. However, the landlord refused to refund the security deposit of Rs. 500000, alleging minor wear-and-tear damages to the walls. The tenant claims no structural damage occurred.",Whether the respondent is liable under provisions of Transfer of Property Act for the claimed dispute.,Petitioner argued security deposit withholding is illegal under the lease terms. Respondent argued structural alterations were done by tenant which required expensive restoration.,"Written rent agreement, Bank statements showing deposit payment, Notice to vacate, Photos of vacated premises showing clean condition.","The court held that under Section 108 of the Transfer of Property Act, the landlord is bound to return the security deposit upon peaceful handover of possession, subject only to reasonable deductions for actual damages. Since the landlord failed to provide receipts of repair or proof of structural damage, the entire deposit must be refunded with 6% interest.",Allowed,Precedent Case Citation 69 SCC 624,https://www.indiankanoon.org/doc/1830456,True
1100,Ramesh Reddy v. Suresh Banerjee (2022),Cyber Crime Court Bangalore,Telangana,Cybercrime,2022-07-04,Information Technology Act;Indian Penal Code,66D;420,"online fraud, phishing, impersonation, credit card, bank transaction, cyber fraud, fake identity",The accused created a fake website resembling a popular e-commerce platform and induced multiple customers to pay online for discounted electronics. Customers did not receive any goods. Cyber police registered an FIR under Section 66D of the IT Act and Section 420 of the IPC.,Whether the respondent is liable under provisions of Information Technology Act;Indian Penal Code for the claimed dispute.,Prosecution argued digital evidence clearly identifies the accused. Defence argued the accused's Wi-Fi was hacked and someone else used their IP address.,"IP address logs, Bank transaction statements, Phone records, Forensic report of seized laptop, OTP SMS logs.","The court found that the prosecution successfully proved the digital audit trail. The IP addresses, bank account logs, and mobile phone IMEI data conclusively linked the accused to the phishing website and unauthorized transaction. The accused is convicted under Section 66D IT Act and 420 IPC.",Convicted,Precedent Case Citation 27 SCC 584,https://www.indiankanoon.org/doc/6816717,True
1101,Suresh Singh v. Vikram Verma (2020),Delhi High Court,Tamil Nadu,Contract Law,2020-10-27,Indian Contract Act,73;10,"breach of contract, specific performance, commercial dispute, damages, agreement, non-payment","The plaintiff entered into a supply agreement with the defendant for delivering raw materials worth Rs. 50000. The plaintiff paid an advance of Rs. 10000. The defendant failed to deliver the materials within the agreed timeline, causing a complete shutdown of the plaintiff's factory. The plaintiff claims damages for loss of business.",Whether the respondent is liable under provisions of Indian Contract Act for the claimed dispute.,Plaintiff claimed informal emails form a contract. Defendant argued no final offer and acceptance took place.,"Negotiation drafts, Vague email replies, No financial books proving actual losses.","The court found that there was no concluded contract between the parties, as the emails exchanged were merely negotiations and no formal agreement was executed (lacking Section 10 parameters). Additionally, the plaintiff did not suffer any quantifiable loss. The suit is dismissed.",Dismissed,Precedent Case Citation 20 SCC 914,https://www.indiankanoon.org/doc/5152902,True
1102,Ramesh Singh v. Vikram Patel (2022),Sessions Court Hyderabad,Maharashtra,Cybercrime,2022-03-28,Information Technology Act;Indian Penal Code,66D;420,"online fraud, phishing, impersonation, credit card, bank transaction, cyber fraud, fake identity","The victim received a phone call from an unknown person impersonating a bank manager. The caller induced the victim to share an OTP for card verification. Consequently, Rs. 250000 was fraudulently debited from the victim's account and transferred to a digital wallet. The police traced the wallet to the accused.",Whether the respondent is liable under provisions of Information Technology Act;Indian Penal Code for the claimed dispute.,Prosecution argued digital evidence clearly identifies the accused. Defence argued the accused's Wi-Fi was hacked and someone else used their IP address.,"IP address logs, Bank transaction statements, Phone records, Forensic report of seized laptop, OTP SMS logs.","The court found that the prosecution successfully proved the digital audit trail. The IP addresses, bank account logs, and mobile phone IMEI data conclusively linked the accused to the phishing website and unauthorized transaction. The accused is convicted under Section 66D IT Act and 420 IPC.",Convicted,Precedent Case Citation 54 SCC 117,https://www.indiankanoon.org/doc/8497663,True
1103,Amit Reddy v. Anjali Verma (2020),Cyber Crime Court Bangalore,Maharashtra,Cybercrime,2020-01-18,Information Technology Act;Indian Penal Code,66D;420,"online fraud, phishing, impersonation, credit card, bank transaction, cyber fraud, fake identity","The victim received a phone call from an unknown person impersonating a bank manager. The caller induced the victim to share an OTP for card verification. Consequently, Rs. 250000 was fraudulently debited from the victim's account and transferred to a digital wallet. The police traced the wallet to the accused.",Whether the respondent is liable under provisions of Information Technology Act;Indian Penal Code for the claimed dispute.,"Prosecution argued digital logs show clear connections. Defence argued no certificate under 65B was submitted, rendering files inadmissible.","Digital logs lacking 65B certificate, Seized phone with no data logs.","The court held that the digital evidence submitted by the cyber cell lacked the mandatory certification under Section 65B of the Indian Evidence Act. Without a valid electronic record certificate, the IP logs and hard drive copies are inadmissible. The accused is acquitted due to lack of admissible evidence.",Acquitted,Precedent Case Citation 49 SCC 141,https://www.indiankanoon.org/doc/4989047,True
1104,Karan Kumar v. Karan Kumar (2018),Chief Metropolitan Magistrate Delhi,Telangana,Cybercrime,2018-12-17,Information Technology Act;Indian Penal Code,66D;420,"online fraud, phishing, impersonation, credit card, bank transaction, cyber fraud, fake identity","The victim received a phone call from an unknown person impersonating a bank manager. The caller induced the victim to share an OTP for card verification. Consequently, Rs. 500000 was fraudulently debited from the victim's account and transferred to a digital wallet. The police traced the wallet to the accused.",Whether the respondent is liable under provisions of Information Technology Act;Indian Penal Code for the claimed dispute.,"Prosecution argued digital logs show clear connections. Defence argued no certificate under 65B was submitted, rendering files inadmissible.","Digital logs lacking 65B certificate, Seized phone with no data logs.","The court held that the digital evidence submitted by the cyber cell lacked the mandatory certification under Section 65B of the Indian Evidence Act. Without a valid electronic record certificate, the IP logs and hard drive copies are inadmissible. The accused is acquitted due to lack of admissible evidence.",Acquitted,Precedent Case Citation 25 SCC 995,https://www.indiankanoon.org/doc/4679659,True
1105,Rahul Rao v. Vikram Joshi (2018),City Civil Court Chennai,Tamil Nadu,Contract Law,2018-06-02,Indian Contract Act,73;10,"breach of contract, specific performance, commercial dispute, damages, agreement, non-payment","The plaintiff entered into a supply agreement with the defendant for delivering raw materials worth Rs. 1500000. The plaintiff paid an advance of Rs. 10000. The defendant failed to deliver the materials within the agreed timeline, causing a complete shutdown of the plaintiff's factory. The plaintiff claims damages for loss of business.",Whether the respondent is liable under provisions of Indian Contract Act for the claimed dispute.,Plaintiff argued the delay directly halted factory output. Defendant argued force majeure due to transport strike.,"Written agreement, Email correspondence, Bank transactions, Production loss ledger, Invoices.","The court observed that the defendant committed a clear breach by failing to perform their contractual obligation within the stipulated time. Under Section 73 of the Contract Act, the plaintiff is entitled to recover the advance and receive reasonable damages that naturally arose from the breach.",Allowed,Precedent Case Citation 29 SCC 406,https://www.indiankanoon.org/doc/8826609,True
1106,Rajesh Rao v. Suresh Kumar (2023),High Court of Delhi,Delhi,Cheque/payment disputes,2023-11-13,Negotiable Instruments Act,138;139,"cheque bounce, dishonour, insufficient funds, signature mismatch, notice, liability","The accused issued a cheque of Rs. 100000 to clear a business invoice. The cheque bounced with remark 'Account Closed'. A legal notice was sent via speed post and delivered on 2026-01-13, but the accused did not respond nor pay the amount within 15 days.",Whether the respondent is liable under provisions of Negotiable Instruments Act for the claimed dispute.,Complainant argued the debt is legally enforceable through invoices. Accused argued the cheque was stolen and signature was forged.,"Original dishonoured cheque, Bank return memo, Office copy of statutory legal notice, Speed post delivery receipt, Business invoice.","The court held that under Section 139 of the Negotiable Instruments Act, there is a statutory presumption in favour of the holder of the cheque that it was issued for the discharge of a legally enforceable debt. The accused failed to lead any cogent evidence to rebut this presumption. The accused is convicted under Section 138 NI Act.",Convicted,Precedent Case Citation 72 SCC 959,https://www.indiankanoon.org/doc/8496406,True
1107,Anjali Rao v. Amit Patel (2024),High Court of Karnataka,Karnataka,Contract Law,2024-10-14,Indian Contract Act,73;10,"breach of contract, specific performance, commercial dispute, damages, agreement, non-payment","A service agreement was signed between a software development firm and a client. The client stopped payments midway, claiming the software had major bugs. The development firm sued the client for the unpaid invoices of Rs. 1500000, presenting email communications indicating client satisfaction and sign-offs.",Whether the respondent is liable under provisions of Indian Contract Act for the claimed dispute.,Plaintiff argued the delay directly halted factory output. Defendant argued force majeure due to transport strike.,"Written agreement, Email correspondence, Bank transactions, Production loss ledger, Invoices.","The court observed that the defendant committed a clear breach by failing to perform their contractual obligation within the stipulated time. Under Section 73 of the Contract Act, the plaintiff is entitled to recover the advance and receive reasonable damages that naturally arose from the breach.",Allowed,Precedent Case Citation 20 SCC 883,https://www.indiankanoon.org/doc/3236590,True
1108,Anjali Joshi v. Anjali Iyer (2019),District Court Bangalore,Delhi,Landlord/Tenant disputes,2019-10-24,Transfer of Property Act,108;105,"landlord, tenant, security deposit, rent, damage, eviction, lease deed","The petitioner is a tenant who leased the premises from the respondent (landlord) under a written agreement dated 2025-07-11. The tenant vacated the property on 2025-10-30 after serving a 1-month notice. However, the landlord refused to refund the security deposit of Rs. 250000, alleging minor wear-and-tear damages to the walls. The tenant claims no structural damage occurred.",Whether the respondent is liable under provisions of Transfer of Property Act for the claimed dispute.,Petitioner argued security deposit withholding is illegal under the lease terms. Respondent argued structural alterations were done by tenant which required expensive restoration.,"Written rent agreement, Bank statements showing deposit payment, Notice to vacate, Photos of vacated premises showing clean condition.","The court held that under Section 108 of the Transfer of Property Act, the landlord is bound to return the security deposit upon peaceful handover of possession, subject only to reasonable deductions for actual damages. Since the landlord failed to provide receipts of repair or proof of structural damage, the entire deposit must be refunded with 6% interest.",Allowed,Precedent Case Citation 60 SCC 400,https://www.indiankanoon.org/doc/3409120,True
1109,Amit Patel v. Priya Sharma (2023),Delhi High Court,Delhi,Contract Law,2023-11-07,Indian Contract Act,73;10,"breach of contract, specific performance, commercial dispute, damages, agreement, non-payment","A service agreement was signed between a software development firm and a client. The client stopped payments midway, claiming the software had major bugs. The development firm sued the client for the unpaid invoices of Rs. 500000, presenting email communications indicating client satisfaction and sign-offs.",Whether the respondent is liable under provisions of Indian Contract Act for the claimed dispute.,Plaintiff claimed informal emails form a contract. Defendant argued no final offer and acceptance took place.,"Negotiation drafts, Vague email replies, No financial books proving actual losses.","The court found that there was no concluded contract between the parties, as the emails exchanged were merely negotiations and no formal agreement was executed (lacking Section 10 parameters). Additionally, the plaintiff did not suffer any quantifiable loss. The suit is dismissed.",Dismissed,Precedent Case Citation 55 SCC 121,https://www.indiankanoon.org/doc/9295272,False
1110,Priya Iyer v. Ramesh Singh (2023),Sessions Court Mumbai,Maharashtra,Family Law,2023-12-24,Code of Criminal Procedure;Protection of Women from Domestic Violence Act,125;12,"maintenance, domestic violence, wife support, alimony, child custody, physical abuse","The petitioner wife filed for maintenance under Section 125 CrPC, stating she was driven out of the matrimonial home by the husband and is unable to maintain herself. She claims the husband earns Rs. 80000 per month as a software engineer and refuses to support her. The husband claims she left voluntarily.",Whether the respondent is liable under provisions of Code of Criminal Procedure;Protection of Women from Domestic Violence Act for the claimed dispute.,Wife argued boutique is running in loss. Husband presented bank records showing boutique's high turnover.,"GST registration and bank statement of wife's business, Photos showing wife running business, Decree of restitution of conjugal rights.","The court found that the wife is highly qualified, runs a successful boutique business, and generates substantial income. Since she left the matrimonial home without any reasonable cause and refuses to return despite the husband's petition for restitution of conjugal rights, her claim for maintenance is dismissed.",Dismissed,Precedent Case Citation 19 SCC 238,https://www.indiankanoon.org/doc/8832181,True
1111,Rahul Singh v. Rahul Joshi (2018),Family Court Noida,Uttar Pradesh,Family Law,2018-07-18,Code of Criminal Procedure;Protection of Women from Domestic Violence Act,125;12,"maintenance, domestic violence, wife support, alimony, child custody, physical abuse","The petitioner wife filed for maintenance under Section 125 CrPC, stating she was driven out of the matrimonial home by the husband and is unable to maintain herself. She claims the husband earns Rs. 120000 per month as a software engineer and refuses to support her. The husband claims she left voluntarily.",Whether the respondent is liable under provisions of Code of Criminal Procedure;Protection of Women from Domestic Violence Act for the claimed dispute.,Wife argued she has no source of income and resides in parents' house. Husband argued wife is highly qualified and can work.,"Marriage certificate, Income tax returns of husband, Child's school fee receipt, Medical certificates showing treatment of domestic abuse.",The court observed that the husband has a social and legal duty to maintain his wife and minor child. The husband's claim of unemployment cannot absolve him of his duty to maintain. He is ordered to pay monthly maintenance of Rs. {maintenance} to the wife.,Allowed,Precedent Case Citation 51 SCC 592,https://www.indiankanoon.org/doc/1443031,True
1112,Vikram Kumar v. Ramesh Rao (2023),Small Causes Court Mumbai,Karnataka,Landlord/Tenant disputes,2023-03-17,Transfer of Property Act,108;105,"landlord, tenant, security deposit, rent, damage, eviction, lease deed","The petitioner is a tenant who leased the premises from the respondent (landlord) under a written agreement dated 2024-02-11. The tenant vacated the property on 2026-04-18 after serving a 1-month notice. However, the landlord refused to refund the security deposit of Rs. 100000, alleging minor wear-and-tear damages to the walls. The tenant claims no structural damage occurred.",Whether the respondent is liable under provisions of Transfer of Property Act for the claimed dispute.,Petitioner claimed damages were regular wear and tear. Respondent presented invoices of plumbing repairs and structural surveyor report.,"Invoices of repairs, Surveyor report of structural damage, Leaked water bills unpaid by tenant.","The court found that the tenant did not serve the mandatory notice of termination before vacating. Furthermore, the landlord submitted structural assessment and invoices proving the tenant caused major damage to the bathroom plumbing and electrical systems, the cost of which exceeded the security deposit amount. Withholding of deposit is justified.",Dismissed,Precedent Case Citation 25 SCC 341,https://www.indiankanoon.org/doc/2092270,True
1113,Rahul Banerjee v. Anjali Singh (2021),Civil Court Delhi,Maharashtra,Landlord/Tenant disputes,2021-11-04,Transfer of Property Act,108;105,"landlord, tenant, security deposit, rent, damage, eviction, lease deed","A landlord filed a suit for eviction of a tenant who stopped paying monthly rent of Rs. 15000 since 2023-12-23. The landlord sent a legal notice under Section 106 of the Transfer of Property Act, but the tenant did not vacate. The tenant claims the landlord refused to execute necessary repairs making the flat inhabitable.",Whether the respondent is liable under provisions of Transfer of Property Act for the claimed dispute.,Petitioner claimed damages were regular wear and tear. Respondent presented invoices of plumbing repairs and structural surveyor report.,"Invoices of repairs, Surveyor report of structural damage, Leaked water bills unpaid by tenant.","The court found that the tenant did not serve the mandatory notice of termination before vacating. Furthermore, the landlord submitted structural assessment and invoices proving the tenant caused major damage to the bathroom plumbing and electrical systems, the cost of which exceeded the security deposit amount. Withholding of deposit is justified.",Dismissed,Precedent Case Citation 74 SCC 532,https://www.indiankanoon.org/doc/6102720,True
1114,Vikram Patel v. Rahul Joshi (2020),Metropolitan Magistrate Mumbai,Tamil Nadu,Cheque/payment disputes,2020-02-22,Negotiable Instruments Act,138;139,"cheque bounce, dishonour, insufficient funds, signature mismatch, notice, liability","The accused issued a cheque of Rs. 1500000 to clear a business invoice. The cheque bounced with remark 'Account Closed'. A legal notice was sent via speed post and delivered on 2025-12-11, but the accused did not respond nor pay the amount within 15 days.",Whether the respondent is liable under provisions of Negotiable Instruments Act for the claimed dispute.,Complainant argued the debt is legally enforceable through invoices. Accused argued the cheque was stolen and signature was forged.,"Original dishonoured cheque, Bank return memo, Office copy of statutory legal notice, Speed post delivery receipt, Business invoice.","The court held that under Section 139 of the Negotiable Instruments Act, there is a statutory presumption in favour of the holder of the cheque that it was issued for the discharge of a legally enforceable debt. The accused failed to lead any cogent evidence to rebut this presumption. The accused is convicted under Section 138 NI Act.",Convicted,Precedent Case Citation 93 SCC 644,https://www.indiankanoon.org/doc/2160283,True
1115,Suresh Sharma v. Rahul Joshi (2020),Chief Judicial Magistrate Pune,Maharashtra,Cheque/payment disputes,2020-07-23,Negotiable Instruments Act,138;139,"cheque bounce, dishonour, insufficient funds, signature mismatch, notice, liability","The complainant supplied goods to the accused, who issued a cheque for Rs. 1500000 dated 2025-08-13 in discharge of the outstanding liability. Upon presentation, the cheque was returned dishonoured with the remarks 'Funds Insufficient'. The complainant sent a statutory legal notice within 30 days, but the accused failed to pay.",Whether the respondent is liable under provisions of Negotiable Instruments Act for the claimed dispute.,Complainant argued notice was sent to last known address. Accused argued they changed address and no notice was received within 30 days.,"Postal tracking report showing delay/non-delivery of notice, Bank returns date log.","The court observed that the complainant failed to prove that the statutory legal notice was served on the accused within the mandatory 30-day window from the bank return memo date. As the service of notice is a condition precedent to attract Section 138, the complaint is dismissed and the accused is acquitted.",Acquitted,Precedent Case Citation 41 SCC 737,https://www.indiankanoon.org/doc/5751503,True
1116,Sunita Patel v. Karan Banerjee (2020),Delhi High Court,Tamil Nadu,Contract Law,2020-08-05,Indian Contract Act,73;10,"breach of contract, specific performance, commercial dispute, damages, agreement, non-payment","The plaintiff entered into a supply agreement with the defendant for delivering raw materials worth Rs. 250000. The plaintiff paid an advance of Rs. 25000. The defendant failed to deliver the materials within the agreed timeline, causing a complete shutdown of the plaintiff's factory. The plaintiff claims damages for loss of business.",Whether the respondent is liable under provisions of Indian Contract Act for the claimed dispute.,Plaintiff claimed informal emails form a contract. Defendant argued no final offer and acceptance took place.,"Negotiation drafts, Vague email replies, No financial books proving actual losses.","The court found that there was no concluded contract between the parties, as the emails exchanged were merely negotiations and no formal agreement was executed (lacking Section 10 parameters). Additionally, the plaintiff did not suffer any quantifiable loss. The suit is dismissed.",Dismissed,Precedent Case Citation 10 SCC 238,https://www.indiankanoon.org/doc/4076477,True
1117,Sunita Patel v. Rahul Sharma (2019),High Court of Delhi,Delhi,Cheque/payment disputes,2019-07-18,Negotiable Instruments Act,138;139,"cheque bounce, dishonour, insufficient funds, signature mismatch, notice, liability","The complainant supplied goods to the accused, who issued a cheque for Rs. 500000 dated 2024-09-20 in discharge of the outstanding liability. Upon presentation, the cheque was returned dishonoured with the remarks 'Funds Insufficient'. The complainant sent a statutory legal notice within 30 days, but the accused failed to pay.",Whether the respondent is liable under provisions of Negotiable Instruments Act for the claimed dispute.,Complainant argued the debt is legally enforceable through invoices. Accused argued the cheque was stolen and signature was forged.,"Original dishonoured cheque, Bank return memo, Office copy of statutory legal notice, Speed post delivery receipt, Business invoice.","The court held that under Section 139 of the Negotiable Instruments Act, there is a statutory presumption in favour of the holder of the cheque that it was issued for the discharge of a legally enforceable debt. The accused failed to lead any cogent evidence to rebut this presumption. The accused is convicted under Section 138 NI Act.",Convicted,Precedent Case Citation 40 SCC 663,https://www.indiankanoon.org/doc/3756958,True
1118,Amit Banerjee v. Suresh Banerjee (2021),City Civil Court Chennai,Karnataka,Contract Law,2021-10-01,Indian Contract Act,73;10,"breach of contract, specific performance, commercial dispute, damages, agreement, non-payment","A service agreement was signed between a software development firm and a client. The client stopped payments midway, claiming the software had major bugs. The development firm sued the client for the unpaid invoices of Rs. 250000, presenting email communications indicating client satisfaction and sign-offs.",Whether the respondent is liable under provisions of Indian Contract Act for the claimed dispute.,Plaintiff argued the delay directly halted factory output. Defendant argued force majeure due to transport strike.,"Written agreement, Email correspondence, Bank transactions, Production loss ledger, Invoices.","The court observed that the defendant committed a clear breach by failing to perform their contractual obligation within the stipulated time. Under Section 73 of the Contract Act, the plaintiff is entitled to recover the advance and receive reasonable damages that naturally arose from the breach.",Allowed,Precedent Case Citation 69 SCC 945,https://www.indiankanoon.org/doc/6282470,True
1119,Karan Iyer v. Amit Joshi (2023),Small Causes Court Mumbai,Karnataka,Landlord/Tenant disputes,2023-06-03,Transfer of Property Act,108;105,"landlord, tenant, security deposit, rent, damage, eviction, lease deed","The petitioner is a tenant who leased the premises from the respondent (landlord) under a written agreement dated 2025-01-17. The tenant vacated the property on 2026-04-14 after serving a 1-month notice. However, the landlord refused to refund the security deposit of Rs. 50000, alleging minor wear-and-tear damages to the walls. The tenant claims no structural damage occurred.",Whether the respondent is liable under provisions of Transfer of Property Act for the claimed dispute.,Petitioner claimed damages were regular wear and tear. Respondent presented invoices of plumbing repairs and structural surveyor report.,"Invoices of repairs, Surveyor report of structural damage, Leaked water bills unpaid by tenant.","The court found that the tenant did not serve the mandatory notice of termination before vacating. Furthermore, the landlord submitted structural assessment and invoices proving the tenant caused major damage to the bathroom plumbing and electrical systems, the cost of which exceeded the security deposit amount. Withholding of deposit is justified.",Dismissed,Precedent Case Citation 72 SCC 286,https://www.indiankanoon.org/doc/8963210,True
1120,Anjali Sharma v. Anjali Sharma (2021),Sessions Court Hyderabad,Karnataka,Cybercrime,2021-12-24,Information Technology Act;Indian Penal Code,66D;420,"online fraud, phishing, impersonation, credit card, bank transaction, cyber fraud, fake identity",The accused created a fake website resembling a popular e-commerce platform and induced multiple customers to pay online for discounted electronics. Customers did not receive any goods. Cyber police registered an FIR under Section 66D of the IT Act and Section 420 of the IPC.,Whether the respondent is liable under provisions of Information Technology Act;Indian Penal Code for the claimed dispute.,Prosecution argued digital evidence clearly identifies the accused. Defence argued the accused's Wi-Fi was hacked and someone else used their IP address.,"IP address logs, Bank transaction statements, Phone records, Forensic report of seized laptop, OTP SMS logs.","The court found that the prosecution successfully proved the digital audit trail. The IP addresses, bank account logs, and mobile phone IMEI data conclusively linked the accused to the phishing website and unauthorized transaction. The accused is convicted under Section 66D IT Act and 420 IPC.",Convicted,Precedent Case Citation 90 SCC 807,https://www.indiankanoon.org/doc/4136086,True
1121,Karan Verma v. Rajesh Joshi (2021),Family Court Noida,Maharashtra,Family Law,2021-08-08,Code of Criminal Procedure;Protection of Women from Domestic Violence Act,125;12,"maintenance, domestic violence, wife support, alimony, child custody, physical abuse",A petition for maintenance was filed by the wife on behalf of herself and her minor child. She submitted school fee invoices and medical bills. The husband argues he has been laid off and has zero income.,Whether the respondent is liable under provisions of Code of Criminal Procedure;Protection of Women from Domestic Violence Act for the claimed dispute.,Wife argued boutique is running in loss. Husband presented bank records showing boutique's high turnover.,"GST registration and bank statement of wife's business, Photos showing wife running business, Decree of restitution of conjugal rights.","The court found that the wife is highly qualified, runs a successful boutique business, and generates substantial income. Since she left the matrimonial home without any reasonable cause and refuses to return despite the husband's petition for restitution of conjugal rights, her claim for maintenance is dismissed.",Dismissed,Precedent Case Citation 94 SCC 393,https://www.indiankanoon.org/doc/6791910,True
1122,Rahul Kumar v. Sunita Rao (2021),High Court of Karnataka,Delhi,Contract Law,2021-03-27,Indian Contract Act,73;10,"breach of contract, specific performance, commercial dispute, damages, agreement, non-payment",The buyer paid a deposit of Rs. 500000 for buying machinery. The seller refused to deliver the machinery and sold it to a third party at a higher price. The buyer files a suit for recovery of deposit and breach of contract damages.,Whether the respondent is liable under provisions of Indian Contract Act for the claimed dispute.,Plaintiff claimed informal emails form a contract. Defendant argued no final offer and acceptance took place.,"Negotiation drafts, Vague email replies, No financial books proving actual losses.","The court found that there was no concluded contract between the parties, as the emails exchanged were merely negotiations and no formal agreement was executed (lacking Section 10 parameters). Additionally, the plaintiff did not suffer any quantifiable loss. The suit is dismissed.",Dismissed,Precedent Case Citation 54 SCC 891,https://www.indiankanoon.org/doc/3469334,True
1123,Rajesh Reddy v. Anjali Kumar (2023),City Civil Court Chennai,Tamil Nadu,Contract Law,2023-06-06,Indian Contract Act,73;10,"breach of contract, specific performance, commercial dispute, damages, agreement, non-payment","The plaintiff entered into a supply agreement with the defendant for delivering raw materials worth Rs. 1500000. The plaintiff paid an advance of Rs. 10000. The defendant failed to deliver the materials within the agreed timeline, causing a complete shutdown of the plaintiff's factory. The plaintiff claims damages for loss of business.",Whether the respondent is liable under provisions of Indian Contract Act for the claimed dispute.,Plaintiff claimed informal emails form a contract. Defendant argued no final offer and acceptance took place.,"Negotiation drafts, Vague email replies, No financial books proving actual losses.","The court found that there was no concluded contract between the parties, as the emails exchanged were merely negotiations and no formal agreement was executed (lacking Section 10 parameters). Additionally, the plaintiff did not suffer any quantifiable loss. The suit is dismissed.",Dismissed,Precedent Case Citation 89 SCC 397,https://www.indiankanoon.org/doc/4857808,True
1124,Rajesh Iyer v. Suresh Reddy (2019),Chief Metropolitan Magistrate Delhi,Telangana,Cybercrime,2019-01-17,Information Technology Act;Indian Penal Code,66D;420,"online fraud, phishing, impersonation, credit card, bank transaction, cyber fraud, fake identity","The victim received a phone call from an unknown person impersonating a bank manager. The caller induced the victim to share an OTP for card verification. Consequently, Rs. 50000 was fraudulently debited from the victim's account and transferred to a digital wallet. The police traced the wallet to the accused.",Whether the respondent is liable under provisions of Information Technology Act;Indian Penal Code for the claimed dispute.,Prosecution argued digital evidence clearly identifies the accused. Defence argued the accused's Wi-Fi was hacked and someone else used their IP address.,"IP address logs, Bank transaction statements, Phone records, Forensic report of seized laptop, OTP SMS logs.","The court found that the prosecution successfully proved the digital audit trail. The IP addresses, bank account logs, and mobile phone IMEI data conclusively linked the accused to the phishing website and unauthorized transaction. The accused is convicted under Section 66D IT Act and 420 IPC.",Convicted,Precedent Case Citation 45 SCC 428,https://www.indiankanoon.org/doc/9958451,True
1125,Rahul Verma v. Sunita Joshi (2024),Sessions Court Hyderabad,Maharashtra,Cybercrime,2024-07-19,Information Technology Act;Indian Penal Code,66D;420,"online fraud, phishing, impersonation, credit card, bank transaction, cyber fraud, fake identity","The victim received a phone call from an unknown person impersonating a bank manager. The caller induced the victim to share an OTP for card verification. Consequently, Rs. 500000 was fraudulently debited from the victim's account and transferred to a digital wallet. The police traced the wallet to the accused.",Whether the respondent is liable under provisions of Information Technology Act;Indian Penal Code for the claimed dispute.,Prosecution argued digital evidence clearly identifies the accused. Defence argued the accused's Wi-Fi was hacked and someone else used their IP address.,"IP address logs, Bank transaction statements, Phone records, Forensic report of seized laptop, OTP SMS logs.","The court found that the prosecution successfully proved the digital audit trail. The IP addresses, bank account logs, and mobile phone IMEI data conclusively linked the accused to the phishing website and unauthorized transaction. The accused is convicted under Section 66D IT Act and 420 IPC.",Convicted,Precedent Case Citation 64 SCC 406,https://www.indiankanoon.org/doc/2781698,True
